"","Plot","Quad","x","y","Tubbs.SBS"
"1","PPW1301","A1",-13658728.9906502,4661863.37920561,2
"2","PPW1301","A2",-13658727.5612859,4661868.96839935,2
"3","PPW1301","A3",-13658726.13192,4661874.5575959,2
"4","PPW1301","A4",-13658724.7025525,4661880.14679527,2
"5","PPW1301","B1",-13658722.8041011,4661861.78693948,2
"6","PPW1301","B2",-13658721.3752137,4661867.37589244,2
"7","PPW1301","B3",-13658719.9463247,4661872.96484821,2
"8","PPW1301","B4",-13658718.5174342,4661878.55380679,2
"9","PPW1301","C1",-13658716.617554,4661860.19466986,2
"10","PPW1301","C2",-13658715.1891435,4661865.78338203,2
"11","PPW1301","C3",-13658713.7607314,4661871.37209701,2
"12","PPW1301","C4",-13658712.3323178,4661876.9608148,2
"13","PPW1301","D1",-13658710.4310088,4661858.60239673,2
"14","PPW1301","D2",-13658709.0030752,4661864.19086812,2
"15","PPW1301","D3",-13658707.5751401,4661869.77934232,2
"16","PPW1301","D4",-13658706.1472034,4661875.36781932,2
"17","PPW1302","A1",-13659773.79509,4660875.14791533,2
"18","PPW1302","A2",-13659772.2080088,4660881.35725157,2
"19","PPW1302","A3",-13659770.6209256,4660887.56659127,2
"20","PPW1302","A4",-13659769.0338405,4660893.77593443,2
"21","PPW1302","B1",-13659767.8710138,4660873.62396119,2
"22","PPW1302","B2",-13659766.2843935,4660879.83297626,2
"23","PPW1302","B3",-13659764.6977712,4660886.04199479,2
"24","PPW1302","B4",-13659763.111147,4660892.25101677,2
"25","PPW1302","C1",-13659761.9469393,4660872.10000384,2
"26","PPW1302","C2",-13659760.3607799,4660878.30869773,2
"27","PPW1302","C3",-13659758.7746186,4660884.51739509,2
"28","PPW1302","C4",-13659757.1884554,4660890.72609591,2
"29","PPW1302","D1",-13659756.0228666,4660870.57604328,2
"30","PPW1302","D2",-13659754.4371682,4660876.784416,1
"31","PPW1302","D3",-13659752.8514678,4660882.99279218,2
"32","PPW1302","D4",-13659751.2657655,4660889.20117183,2
"33","PPW1303","A1",-13658886.4376282,4660216.41513128,2
"34","PPW1303","A2",-13658884.922477,4660222.34059905,2
"35","PPW1303","A3",-13658883.407324,4660228.26606996,2
"36","PPW1303","A4",-13658881.8921693,4660234.19154404,2
"37","PPW1303","B1",-13658880.3358975,4660214.84494624,2
"38","PPW1303","B2",-13658878.8212233,4660220.77009298,2
"39","PPW1303","B3",-13658877.3065473,4660226.69524286,2
"40","PPW1303","B4",-13658875.7918695,4660232.62039592,2
"41","PPW1303","C1",-13658874.2341687,4660213.27475779,2
"42","PPW1303","C2",-13658872.7199714,4660219.19958349,2
"43","PPW1303","C3",-13658871.2057724,4660225.12441236,2
"44","PPW1303","C4",-13658869.6915716,4660231.04924438,2
"45","PPW1303","D1",-13658868.1324418,4660211.70456593,2
"46","PPW1303","D2",-13658866.6187215,4660217.62907062,2
"47","PPW1303","D3",-13658865.1049994,4660223.55357845,2
"48","PPW1303","D4",-13658863.5912756,4660229.47808944,2
"49","PPW1304","A1",-13659140.1619666,4660413.52610958,2
"50","PPW1304","A2",-13659138.6731041,4660419.34920186,2
"51","PPW1304","A3",-13659137.1842399,4660425.1722972,2
"52","PPW1304","A4",-13659135.695374,4660430.99539559,2
"53","PPW1304","B1",-13659134.16752,4660411.98370253,2
"54","PPW1304","B2",-13659132.6791264,4660417.80655401,2
"55","PPW1304","B3",-13659131.190731,4660423.62940853,2
"56","PPW1304","B4",-13659129.7023339,4660429.4522661,2
"57","PPW1304","C1",-13659128.1730753,4660410.4412922,2
"58","PPW1304","C2",-13659126.6851504,4660416.26390287,2
"59","PPW1304","C3",-13659125.1972239,4660422.08651657,2
"60","PPW1304","C4",-13659123.7092957,4660427.90913334,2
"61","PPW1304","D1",-13659122.1786323,4660408.89887858,2
"62","PPW1304","D2",-13659120.6911763,4660414.72124843,2
"63","PPW1304","D3",-13659119.2037186,4660420.54362133,2
"64","PPW1304","D4",-13659117.7162592,4660426.36599729,2
"65","PPW1305","A1",-13658992.941535,4660941.65299386,2
"66","PPW1305","A2",-13658991.5036906,4660947.27634673,2
"67","PPW1305","A3",-13658990.0658446,4660952.89970245,2
"68","PPW1305","A4",-13658988.627997,4660958.523061,2
"69","PPW1305","B1",-13658987.2372822,4660940.18515463,2
"70","PPW1305","B2",-13658985.7998829,4660945.80826675,2
"71","PPW1305","B3",-13658984.362482,4660951.43138171,2
"72","PPW1305","B4",-13658982.9250796,4660957.05449952,2
"73","PPW1305","C1",-13658981.5330309,4660938.71731243,2
"74","PPW1305","C2",-13658980.0960768,4660944.34018379,2
"75","PPW1305","C3",-13658978.6591211,4660949.96305801,2
"76","PPW1305","C4",-13658977.2221638,4660955.58593505,2
"77","PPW1305","D1",-13658975.8287814,4660937.24946725,2
"78","PPW1305","D2",-13658974.3922724,4660942.87209786,2
"79","PPW1305","D3",-13658972.9557618,4660948.49473131,2
"80","PPW1305","D4",-13658971.5192497,4660954.11736761,1
"81","PPW1306","A1",-13659033.4606968,4662553.79650616,2
"82","PPW1306","A2",-13659031.9086467,4662559.86663389,2
"83","PPW1306","A3",-13659030.3565947,4662565.93676493,2
"84","PPW1306","A4",-13659028.8045409,4662572.00689928,2
"85","PPW1306","B1",-13659027.3371267,4662552.22084708,3
"86","PPW1306","B2",-13659025.7855615,4662558.29065367,2
"87","PPW1306","B3",-13659024.2339945,4662564.36046358,2
"88","PPW1306","B4",-13659022.6824256,4662570.4302768,2
"89","PPW1306","C1",-13659021.2135584,4662550.64518456,3
"90","PPW1306","C2",-13659019.6624782,4662556.71467002,2
"91","PPW1306","C3",-13659018.1113961,4662562.7841588,2
"92","PPW1306","C4",-13659016.5603122,4662568.85365088,2
"93","PPW1306","D1",-13659015.0899921,4662549.06951862,3
"94","PPW1306","D2",-13659013.5393968,4662555.13868294,2
"95","PPW1306","D3",-13659011.9887997,4662561.20785059,2
"96","PPW1306","D4",-13659010.4382007,4662567.27702154,2
"97","PPW1307","A1",-13659205.90935,4662268.20285654,2
"98","PPW1307","A2",-13659204.3687467,4662274.22892487,2
"99","PPW1307","A3",-13659202.8281417,4662280.25499647,2
"100","PPW1307","A4",-13659201.2875348,4662286.28107133,2
"101","PPW1307","B1",-13659200.2867914,4662266.75634819,2
"102","PPW1307","B2",-13659198.7466255,4662272.7820954,2
"103","PPW1307","B3",-13659197.2064577,4662278.80784588,2
"104","PPW1307","B4",-13659195.6662882,4662284.83359962,2
"105","PPW1307","C1",-13659194.6642344,4662265.30983695,2
"106","PPW1307","C2",-13659193.1245058,4662271.33526304,2
"107","PPW1307","C3",-13659191.5847754,4662277.36069239,2
"108","PPW1307","C4",-13659190.0450431,4662283.38612501,2
"109","PPW1307","D1",-13659189.041679,4662263.86332281,2
"110","PPW1307","D2",-13659187.5023877,4662269.88842778,2
"111","PPW1307","D3",-13659185.9630946,4662275.91353601,2
"112","PPW1307","D4",-13659184.4237996,4662281.93864751,2
"113","PPW1308","A1",-13663211.1549734,4665459.80142161,NA
"114","PPW1308","A2",-13663209.6058766,4665465.87037226,NA
"115","PPW1308","A3",-13663208.0567779,4665471.93932621,NA
"116","PPW1308","A4",-13663206.5076773,4665478.00828349,NA
"117","PPW1308","B1",-13663204.9980979,4665458.21971003,NA
"118","PPW1308","B2",-13663203.449478,4665464.28833922,NA
"119","PPW1308","B3",-13663201.9008562,4665470.35697173,NA
"120","PPW1308","B4",-13663200.3522326,4665476.42560756,NA
"121","PPW1308","C1",-13663198.8412243,4665456.63799498,NA
"122","PPW1308","C2",-13663197.2930813,4665462.70630272,NA
"123","PPW1308","C3",-13663195.7449365,4665468.77461378,NA
"124","PPW1308","C4",-13663194.1967899,4665474.84292815,NA
"125","PPW1308","D1",-13663192.6843526,4665455.05627645,NA
"126","PPW1308","D2",-13663191.1366866,4665461.12426274,NA
"127","PPW1308","D3",-13663189.5890187,4665467.19225235,NA
"128","PPW1308","D4",-13663188.041349,4665473.26024528,NA
"129","PPW1309","A1",-13663101.7651863,4665715.03662667,NA
"130","PPW1309","A2",-13663100.18169,4665721.24009026,NA
"131","PPW1309","A3",-13663098.5981917,4665727.4435573,NA
"132","PPW1309","A4",-13663097.0146915,4665733.64702781,NA
"133","PPW1309","B1",-13663095.6616104,4665713.46876351,NA
"134","PPW1309","B2",-13663094.078591,4665719.67190561,NA
"135","PPW1309","B3",-13663092.4955696,4665725.87505118,NA
"136","PPW1309","B4",-13663090.9125463,4665732.07820021,NA
"137","PPW1309","C1",-13663089.5580364,4665711.90089692,NA
"138","PPW1309","C2",-13663087.9754939,4665718.10371755,NA
"139","PPW1309","C3",-13663086.3929494,4665724.30654164,NA
"140","PPW1309","C4",-13663084.8104031,4665730.50936919,NA
"141","PPW1309","D1",-13663083.4544642,4665710.33302693,NA
"142","PPW1309","D2",-13663081.8723986,4665716.53552608,NA
"143","PPW1309","D3",-13663080.2903311,4665722.73802869,NA
"144","PPW1309","D4",-13663078.7082617,4665728.94053477,NA
"145","PPW1310","A1",-13663163.6958507,4665978.10474388,2
"146","PPW1310","A2",-13663162.256064,4665983.74489989,2
"147","PPW1310","A3",-13663160.8162757,4665989.38505876,2
"148","PPW1310","A4",-13663159.3764857,4665995.02522049,2
"149","PPW1310","B1",-13663157.5075297,4665976.51484999,2
"150","PPW1310","B2",-13663156.0682199,4665982.15476491,2
"151","PPW1310","B3",-13663154.6289085,4665987.79468266,2
"152","PPW1310","B4",-13663153.1895956,4665993.43460331,2
"153","PPW1310","C1",-13663151.3192106,4665974.92495258,2
"154","PPW1310","C2",-13663149.8803778,4665980.5646264,2
"155","PPW1310","C3",-13663148.4415434,4665986.20430307,2
"156","PPW1310","C4",-13663147.0027074,4665991.8439826,2
"157","PPW1310","D1",-13663145.1308934,4665973.33505168,2
"158","PPW1310","D2",-13663143.6925376,4665978.97448437,2
"159","PPW1310","D3",-13663142.2541801,4665984.61391996,2
"160","PPW1310","D4",-13663140.8158211,4665990.25335839,2
"161","PPW1311","A1",-13663576.6772649,4665671.57201529,NA
"162","PPW1311","A2",-13663575.0927673,4665677.78134158,NA
"163","PPW1311","A3",-13663573.5082677,4665683.99067134,NA
"164","PPW1311","A4",-13663571.9237662,4665690.20000456,NA
"165","PPW1311","B1",-13663571.4752891,4665670.23618614,NA
"166","PPW1311","B2",-13663569.8912047,4665676.44527126,NA
"167","PPW1311","B3",-13663568.3071184,4665682.65435986,NA
"168","PPW1311","B4",-13663566.7230302,4665688.86345192,NA
"169","PPW1311","C1",-13663566.2733146,4665668.90035451,NA
"170","PPW1311","C2",-13663564.6896435,4665675.10919847,NA
"171","PPW1311","C3",-13663563.1059704,4665681.3180459,NA
"172","PPW1311","C4",-13663561.5222955,4665687.5268968,NA
"173","PPW1311","D1",-13663561.0713414,4665667.56452039,NA
"174","PPW1311","D2",-13663559.4880836,4665673.77312319,NA
"175","PPW1311","D3",-13663557.9048238,4665679.98172946,NA
"176","PPW1311","D4",-13663556.3215621,4665686.1903392,NA
"177","PPW1312","A1",-13663520.3840103,4665075.44234003,NA
"178","PPW1312","A2",-13663518.8927725,4665081.28505948,NA
"179","PPW1312","A3",-13663517.4015329,4665087.12778199,NA
"180","PPW1312","A4",-13663515.9102917,4665092.97050758,NA
"181","PPW1312","B1",-13663514.2301553,4665073.86156503,NA
"182","PPW1312","B2",-13663512.7393863,4665079.7040433,NA
"183","PPW1312","B3",-13663511.2486156,4665085.54652465,NA
"184","PPW1312","B4",-13663509.7578431,4665091.38900906,NA
"185","PPW1312","C1",-13663508.0763021,4665072.28078656,NA
"186","PPW1312","C2",-13663506.5860019,4665078.12302366,NA
"187","PPW1312","C3",-13663505.0957001,4665083.96526383,NA
"188","PPW1312","C4",-13663503.6053965,4665089.80750707,NA
"189","PPW1312","D1",-13663501.9224508,4665070.70000462,NA
"190","PPW1312","D2",-13663500.4326195,4665076.54200055,NA
"191","PPW1312","D3",-13663498.9427865,4665082.38399955,NA
"192","PPW1312","D4",-13663497.4529517,4665088.22600162,NA
"193","PPW1313","A1",-13663089.1931165,4664856.02444546,3
"194","PPW1313","A2",-13663087.719231,4664861.79867029,2
"195","PPW1313","A3",-13663086.245344,4664867.57289812,2
"196","PPW1313","A4",-13663084.7714552,4664873.34712894,2
"197","PPW1313","B1",-13663083.6330999,4664854.59598232,3
"198","PPW1313","B2",-13663082.1596517,4664860.3699661,2
"199","PPW1313","B3",-13663080.6862018,4664866.14395288,2
"200","PPW1313","B4",-13663079.2127503,4664871.91794266,2
"201","PPW1313","C1",-13663078.0730849,4664853.16751634,2
"202","PPW1313","C2",-13663076.6000739,4664858.94125908,2
"203","PPW1313","C3",-13663075.1270613,4664864.71500481,2
"204","PPW1313","C4",-13663073.654047,4664870.48875355,2
"205","PPW1313","D1",-13663072.5130714,4664851.73904753,2
"206","PPW1313","D2",-13663071.0404977,4664857.51254922,2
"207","PPW1313","D3",-13663069.5679223,4664863.28605391,2
"208","PPW1313","D4",-13663068.0953452,4664869.05956161,2
"209","PPW1314","A1",-13662585.799268,4664699.41627247,2
"210","PPW1314","A2",-13662584.2239512,4664705.58665774,2
"211","PPW1314","A3",-13662582.6486325,4664711.75704644,2
"212","PPW1314","A4",-13662581.0733119,4664717.92743855,2
"213","PPW1314","B1",-13662580.0537388,4664697.94012038,2
"214","PPW1314","B2",-13662578.4788832,4664704.1101843,2
"215","PPW1314","B3",-13662576.9040256,4664710.28025164,2
"216","PPW1314","B4",-13662575.3291661,4664716.45032242,2
"217","PPW1314","C1",-13662574.3082113,4664696.46396527,2
"218","PPW1314","C2",-13662572.7338168,4664702.63370783,2
"219","PPW1314","C3",-13662571.1594203,4664708.80345383,2
"220","PPW1314","C4",-13662569.585022,4664714.97320326,2
"221","PPW1314","D1",-13662568.5626854,4664694.98780713,2
"222","PPW1314","D2",-13662566.988752,4664701.15722835,2
"223","PPW1314","D3",-13662565.4148167,4664707.326653,2
"224","PPW1314","D4",-13662563.8408795,4664713.49608108,2
"225","PPW1315","A1",-13660679.5591624,4663427.90860619,2
"226","PPW1315","A2",-13660678.0236988,4663433.91766055,2
"227","PPW1315","A3",-13660676.4882334,4663439.92671816,2
"228","PPW1315","A4",-13660674.9527662,4663445.93577901,2
"229","PPW1315","B1",-13660673.3728964,4663426.31760391,2
"230","PPW1315","B2",-13660671.8379095,4663432.32641722,2
"231","PPW1315","B3",-13660670.3029208,4663438.33523379,2
"232","PPW1315","B4",-13660668.7679304,4663444.3440536,2
"233","PPW1315","C1",-13660667.1866323,4663424.72659812,2
"234","PPW1315","C2",-13660665.6521222,4663430.73517039,2
"235","PPW1315","C3",-13660664.1176102,4663436.74374592,2
"236","PPW1315","C4",-13660662.5830964,4663442.75232468,2
"237","PPW1315","D1",-13660661.0003702,4663423.13558883,2
"238","PPW1315","D2",-13660659.4663368,4663429.14392006,2
"239","PPW1315","D3",-13660657.9323015,4663435.15225454,2
"240","PPW1315","D4",-13660656.3982645,4663441.16059227,2
"241","PPW1316","A1",-13660631.7932054,4663635.36577313,2
"242","PPW1316","A2",-13660630.4351662,4663640.68013021,2
"243","PPW1316","A3",-13660629.0771256,4663645.99448985,2
"244","PPW1316","A4",-13660627.7190835,4663651.30885202,2
"245","PPW1316","B1",-13660625.7702733,4663633.81661215,2
"246","PPW1316","B2",-13660624.4126953,4663639.1307284,2
"247","PPW1316","B3",-13660623.0551159,4663644.4448472,2
"248","PPW1316","B4",-13660621.697535,4663649.75896853,2
"249","PPW1316","C1",-13660619.7473431,4663632.26744784,2
"250","PPW1316","C2",-13660618.3902263,4663637.58132326,2
"251","PPW1316","C3",-13660617.0331081,4663642.89520123,2
"252","PPW1316","C4",-13660615.6759884,4663648.20908173,2
"253","PPW1316","D1",-13660613.7244146,4663630.71828022,2
"254","PPW1316","D2",-13660612.367759,4663636.0319148,2
"255","PPW1316","D3",-13660611.011102,4663641.34555193,2
"256","PPW1316","D4",-13660609.6544436,4663646.6591916,2
"257","PPW1317","A1",-13660618.2948933,4663463.73160472,2
"258","PPW1317","A2",-13660616.7484367,4663469.78423616,2
"259","PPW1317","A3",-13660615.2019783,4663475.83687088,2
"260","PPW1317","A4",-13660613.655518,4663481.88950891,2
"261","PPW1317","B1",-13660612.5244712,4663462.24770438,2
"262","PPW1317","B2",-13660610.9784598,4663468.30001456,2
"263","PPW1317","B3",-13660609.4324466,4663474.35232805,2
"264","PPW1317","B4",-13660607.8864316,4663480.40464484,2
"265","PPW1317","C1",-13660606.7540508,4663460.763801,2
"266","PPW1317","C2",-13660605.2084847,4663466.81578994,2
"267","PPW1317","C3",-13660603.6629167,4663472.86778218,2
"268","PPW1317","C4",-13660602.1173468,4663478.91977772,2
"269","PPW1317","D1",-13660600.9836321,4663459.27989456,2
"270","PPW1317","D2",-13660599.4385112,4663465.33156226,2
"271","PPW1317","D3",-13660597.8933884,4663471.38323325,2
"272","PPW1317","D4",-13660596.3482638,4663477.43490755,2
"273","PPW1318","A1",-13660837.0948329,4663791.58435245,2
"274","PPW1318","A2",-13660835.6037475,4663797.42017636,2
"275","PPW1318","A3",-13660834.1126604,4663803.25600333,2
"276","PPW1318","A4",-13660832.6215716,4663809.09183337,2
"277","PPW1318","B1",-13660831.1562419,4663790.05737057,2
"278","PPW1318","B2",-13660829.6656254,4663795.89295352,2
"279","PPW1318","B3",-13660828.1750073,4663801.72853954,2
"280","PPW1318","B4",-13660826.6843874,4663807.56412862,2
"281","PPW1318","C1",-13660825.2176526,4663788.53038546,2
"282","PPW1318","C2",-13660823.7275052,4663794.36572746,2
"283","PPW1318","C3",-13660822.237356,4663800.20107252,2
"284","PPW1318","C4",-13660820.7472051,4663806.03642065,2
"285","PPW1318","D1",-13660819.2790652,4663787.00339713,2
"286","PPW1318","D2",-13660817.7893866,4663792.83849817,2
"287","PPW1318","D3",-13660816.2997064,4663798.67360228,2
"288","PPW1318","D4",-13660814.8100245,4663804.50870945,2
"289","PPW1319","A1",-13660963.7890476,4663705.93322006,2
"290","PPW1319","A2",-13660962.3041641,4663711.74496677,2
"291","PPW1319","A3",-13660960.8192789,4663717.55671653,2
"292","PPW1319","A4",-13660959.3343921,4663723.36846932,2
"293","PPW1319","B1",-13660957.6060498,4663704.34332007,2
"294","PPW1319","B2",-13660956.1216431,4663710.15482579,2
"295","PPW1319","B3",-13660954.6372348,4663715.96633455,2
"296","PPW1319","B4",-13660953.1528247,4663721.77784635,2
"297","PPW1319","C1",-13660951.4230539,4663702.75341658,2
"298","PPW1319","C2",-13660949.9391241,4663708.5646813,2
"299","PPW1319","C3",-13660948.4551926,4663714.37594906,2
"300","PPW1319","C4",-13660946.9712593,4663720.18721986,2
"301","PPW1319","D1",-13660945.2400599,4663701.1635096,2
"302","PPW1319","D2",-13660943.756607,4663706.97453332,2
"303","PPW1319","D3",-13660942.2731523,4663712.78556008,2
"304","PPW1319","D4",-13660940.7896959,4663718.59658989,2
"305","PPW1320","A1",-13661148.5317639,4660562.3233517,2
"306","PPW1320","A2",-13661147.0290429,4660568.20548574,2
"307","PPW1320","A3",-13661145.5263203,4660574.08762289,2
"308","PPW1320","A4",-13661144.0235958,4660579.96976315,2
"309","PPW1320","B1",-13661142.5280447,4660560.77982966,2
"310","PPW1320","B2",-13661141.0257846,4660566.66172275,2
"311","PPW1320","B3",-13661139.5235226,4660572.54361894,2
"312","PPW1320","B4",-13661138.021259,4660578.42551825,2
"313","PPW1320","C1",-13661136.5243274,4660559.23630432,2
"314","PPW1320","C2",-13661135.022528,4660565.11795645,2
"315","PPW1320","C3",-13661133.5207268,4660570.9996117,2
"316","PPW1320","C4",-13661132.018924,4660576.88127005,2
"317","PPW1320","D1",-13661130.5206119,4660557.69277568,2
"318","PPW1320","D2",-13661129.0192733,4660563.57418686,2
"319","PPW1320","D3",-13661127.5179329,4660569.45560115,2
"320","PPW1320","D4",-13661126.0165908,4660575.33701856,2
"321","PPW1321","A1",-13660679.9573221,4660895.89738635,2
"322","PPW1321","A2",-13660678.42375,4660901.8998051,2
"323","PPW1321","A3",-13660676.8901761,4660907.90222709,2
"324","PPW1321","A4",-13660675.3566004,4660913.90465233,2
"325","PPW1321","B1",-13660674.3124859,4660894.44571991,2
"326","PPW1321","B2",-13660672.779367,4660900.44781758,2
"327","PPW1321","B3",-13660671.2462463,4660906.44991848,2
"328","PPW1321","B4",-13660669.7131238,4660912.45202262,2
"329","PPW1321","C1",-13660668.6676514,4660892.99405057,2
"330","PPW1321","C2",-13660667.1349857,4660898.99582714,2
"331","PPW1321","C3",-13660665.6023182,4660904.99760695,2
"332","PPW1321","C4",-13660664.0696488,4660910.99939,2
"333","PPW1321","D1",-13660663.0228185,4660891.54237831,2
"334","PPW1321","D2",-13660661.490606,4660897.54383379,2
"335","PPW1321","D3",-13660659.9583916,4660903.54529251,2
"336","PPW1321","D4",-13660658.4261754,4660909.54675446,2
"337","PPW1322","A1",-13660235.1139441,4660844.4894991,2
"338","PPW1322","A2",-13660233.5327832,4660850.67649205,2
"339","PPW1322","A3",-13660231.9516203,4660856.86348844,2
"340","PPW1322","A4",-13660230.3704555,4660863.05048827,2
"341","PPW1322","B1",-13660228.9573937,4660842.9060987,2
"342","PPW1322","B2",-13660227.3767093,4660849.09285064,2
"343","PPW1322","B3",-13660225.796023,4660855.27960602,2
"344","PPW1322","B4",-13660224.2153347,4660861.46636484,2
"345","PPW1322","C1",-13660222.8008453,4660841.32269482,2
"346","PPW1322","C2",-13660221.2206374,4660847.50920575,2
"347","PPW1322","C3",-13660219.6404275,4660853.69572012,2
"348","PPW1322","C4",-13660218.0602158,4660859.88223793,1
"349","PPW1322","D1",-13660216.6442987,4660839.73928746,2
"350","PPW1322","D2",-13660215.0645673,4660845.9255574,2
"351","PPW1322","D3",-13660213.484834,4660852.11183076,1
"352","PPW1322","D4",-13660211.9050988,4660858.29810757,1
"353","PPW1323","A1",-13662529.8770856,4664528.50698768,1
"354","PPW1323","A2",-13662528.2898747,4664534.72347946,2
"355","PPW1323","A3",-13662526.7026618,4664540.93997473,2
"356","PPW1323","A4",-13662525.1154469,4664547.15647346,2
"357","PPW1323","B1",-13662523.8087945,4664526.94777071,2
"358","PPW1323","B2",-13662522.2220602,4664533.16402131,2
"359","PPW1323","B3",-13662520.6353239,4664539.38027539,2
"360","PPW1323","B4",-13662519.0485858,4664545.59653295,2
"361","PPW1323","C1",-13662517.7405051,4664525.38855036,2
"362","PPW1323","C2",-13662516.1542475,4664531.60455979,2
"363","PPW1323","C3",-13662514.567988,4664537.82057269,2
"364","PPW1323","C4",-13662512.9817265,4664544.03658907,2
"365","PPW1323","D1",-13662511.6722177,4664523.82932664,2
"366","PPW1323","D2",-13662510.0864367,4664530.04509489,2
"367","PPW1323","D3",-13662508.5006538,4664536.26086661,2
"368","PPW1323","D4",-13662506.914869,4664542.47664181,2
"369","PPW1324","A1",-13661867.9734066,4663991.21155196,2
"370","PPW1324","A2",-13661866.4170449,4663997.30572814,2
"371","PPW1324","A3",-13661864.8606814,4664003.39990766,2
"372","PPW1324","A4",-13661863.304316,4664009.49409052,2
"373","PPW1324","B1",-13661861.8573108,4663989.63964502,2
"374","PPW1324","B2",-13661860.3014181,4663995.73349984,2
"375","PPW1324","B3",-13661858.7455235,4664001.827358,2
"376","PPW1324","B4",-13661857.1896271,4664007.92121949,2
"377","PPW1324","C1",-13661855.7412169,4663988.06773466,2
"378","PPW1324","C2",-13661854.1857931,4663994.16126811,2
"379","PPW1324","C3",-13661852.6303675,4664000.25480491,2
"380","PPW1324","C4",-13661851.07494,4664006.34834505,2
"381","PPW1324","D1",-13661849.6251248,4663986.49582087,2
"382","PPW1324","D2",-13661848.07017,4663992.58903296,2
"383","PPW1324","D3",-13661846.5152134,4663998.68224839,2
"384","PPW1324","D4",-13661844.9602548,4664004.77546717,2
"385","PPW1325","A1",-13658467.6050537,4662449.29429328,1
"386","PPW1325","A2",-13658466.038794,4662455.41877022,1
"387","PPW1325","A3",-13658464.4725325,4662461.54325053,1
"388","PPW1325","A4",-13658462.9062691,4662467.66773421,1
"389","PPW1325","B1",-13658461.5359051,4662447.7322875,1
"390","PPW1325","B2",-13658459.9701224,4662453.85644331,1
"391","PPW1325","B3",-13658458.4043379,4662459.98060249,1
"392","PPW1325","B4",-13658456.8385515,4662466.10476504,1
"393","PPW1325","C1",-13658455.4667584,4662446.17027834,2
"394","PPW1325","C2",-13658453.9014527,4662452.29411302,2
"395","PPW1325","C3",-13658452.3361452,4662458.41795108,1
"396","PPW1325","C4",-13658450.7708357,4662464.5417925,1
"397","PPW1325","D1",-13658449.3976135,4662444.60826582,2
"398","PPW1325","D2",-13658447.8327848,4662450.73177937,2
"399","PPW1325","D3",-13658446.2679543,4662456.8552963,1
"400","PPW1325","D4",-13658444.7031218,4662462.97881659,2
"401","PPW1326","A1",-13660126.980548,4663197.74343636,2
"402","PPW1326","A2",-13660125.4533564,4663203.71920934,2
"403","PPW1326","A3",-13660123.926163,4663209.69498552,2
"404","PPW1326","A4",-13660122.3989678,4663215.67076493,2
"405","PPW1326","B1",-13660121.1582096,4663196.2459763,2
"406","PPW1326","B2",-13660119.6314712,4663202.22142809,2
"407","PPW1326","B3",-13660118.104731,4663208.1968831,2
"408","PPW1326","B4",-13660116.5779891,4663214.17234131,2
"409","PPW1326","C1",-13660115.3358729,4663194.74851314,2
"410","PPW1326","C2",-13660113.8095877,4663200.72364375,2
"411","PPW1326","C3",-13660112.2833008,4663206.69877756,2
"412","PPW1326","C4",-13660110.7570121,4663212.6739146,2
"413","PPW1326","D1",-13660109.513538,4663193.25104687,2
"414","PPW1326","D2",-13660107.987706,4663199.2258563,2
"415","PPW1326","D3",-13660106.4618723,4663205.20066893,2
"416","PPW1326","D4",-13660104.9360368,4663211.17548478,2
"417","PPW1327","A1",-13663015.8100543,4659991.75543941,NA
"418","PPW1327","A2",-13663014.2884034,4659997.71634278,NA
"419","PPW1327","A3",-13663012.7667506,4660003.67724935,NA
"420","PPW1327","A4",-13663011.2450961,4660009.6381591,NA
"421","PPW1327","B1",-13663009.6548911,4659990.17413454,NA
"422","PPW1327","B2",-13663008.1337248,4659996.13471669,NA
"423","PPW1327","B3",-13663006.6125569,4660002.09530204,NA
"424","PPW1327","B4",-13663005.0913871,4660008.05589058,NA
"425","PPW1327","C1",-13663003.4997297,4659988.59282619,NA
"426","PPW1327","C2",-13663001.9790482,4659994.55308713,NA
"427","PPW1327","C3",-13663000.458365,4660000.51335127,NA
"428","PPW1327","C4",-13662998.93768,4660006.47361859,NA
"429","PPW1327","D1",-13662997.3445703,4659987.01151438,NA
"430","PPW1327","D2",-13662995.8243735,4659992.97145411,NA
"431","PPW1327","D3",-13662994.3041751,4659998.93139702,NA
"432","PPW1327","D4",-13662992.7839748,4660004.89134314,NA
"433","PPW1328","A1",-13661085.7912202,4660988.20912404,2
"434","PPW1328","A2",-13661084.2476352,4660994.25112623,2
"435","PPW1328","A3",-13661082.7040484,4661000.29313171,2
"436","PPW1328","A4",-13661081.1604597,4661006.33514047,2
"437","PPW1328","B1",-13661079.6134446,4660986.62069667,2
"438","PPW1328","B2",-13661078.0703362,4660992.66245785,2
"439","PPW1328","B3",-13661076.5272259,4660998.70422231,2
"440","PPW1328","B4",-13661074.9841138,4661004.74599005,2
"441","PPW1328","C1",-13661073.4356709,4660985.0322658,2
"442","PPW1328","C2",-13661071.893039,4660991.07378597,2
"443","PPW1328","C3",-13661070.3504054,4660997.11530942,2
"444","PPW1328","C4",-13661068.8077698,4661003.15683615,2
"445","PPW1328","D1",-13661067.2578991,4660983.44383144,2
"446","PPW1328","D2",-13661065.7157438,4660989.4851106,2
"447","PPW1328","D3",-13661064.1735867,4660995.52639304,2
"448","PPW1328","D4",-13661062.6314278,4661001.56767876,2
"449","PPW1329","A1",-13661504.3655397,4663734.73852721,2
"450","PPW1329","A2",-13661502.7777039,4663740.95498137,2
"451","PPW1329","A3",-13661501.1898661,4663747.171439,2
"452","PPW1329","A4",-13661499.6020264,4663753.38790011,2
"453","PPW1329","B1",-13661498.1739766,4663733.14695952,2
"454","PPW1329","B2",-13661496.5866176,4663739.3630923,2
"455","PPW1329","B3",-13661494.9992566,4663745.57922856,2
"456","PPW1329","B4",-13661493.4118937,4663751.79536829,2
"457","PPW1329","C1",-13661491.9824154,4663731.55538831,2
"458","PPW1329","C2",-13661490.3955332,4663737.77119972,2
"459","PPW1329","C3",-13661488.8086491,4663743.9870146,2
"460","PPW1329","C4",-13661487.221763,4663750.20283296,2
"461","PPW1329","D1",-13661485.7908561,4663729.9638136,2
"462","PPW1329","D2",-13661484.2044507,4663736.17930363,2
"463","PPW1329","D3",-13661482.6180434,4663742.39479714,2
"464","PPW1329","D4",-13661481.0316342,4663748.61029413,2
"465","PPW1330","A1",-13661910.9352542,4663314.75509804,3
"466","PPW1330","A2",-13661909.4592325,4663320.53438215,3
"467","PPW1330","A3",-13661907.9832091,4663326.31366927,2
"468","PPW1330","A4",-13661906.507184,4663332.09295939,2
"469","PPW1330","B1",-13661904.8465009,4663313.19018044,2
"470","PPW1330","B2",-13661903.37094,4663318.9692235,2
"471","PPW1330","B3",-13661901.8953775,4663324.74826957,2
"472","PPW1330","B4",-13661900.4198133,4663330.52731865,2
"473","PPW1330","C1",-13661898.7577494,4663311.62525943,2
"474","PPW1330","C2",-13661897.2826494,4663317.40406146,2
"475","PPW1330","C3",-13661895.8075478,4663323.18286649,2
"476","PPW1330","C4",-13661894.3324444,4663328.96167452,2
"477","PPW1330","D1",-13661892.6689998,4663310.06033504,2
"478","PPW1330","D2",-13661891.1943607,4663315.83889602,2
"479","PPW1330","D3",-13661889.7197199,4663321.61746001,2
"480","PPW1330","D4",-13661888.2450775,4663327.396027,2
"481","PPW1331","A1",-13662249.7136598,4663753.52798976,2
"482","PPW1331","A2",-13662248.2044333,4663759.4383535,2
"483","PPW1331","A3",-13662246.6952051,4663765.34872038,2
"484","PPW1331","A4",-13662245.1859751,4663771.25909039,2
"485","PPW1331","B1",-13662243.7561601,4663751.99692777,2
"486","PPW1331","B2",-13662242.2473947,4663757.90697021,2
"487","PPW1331","B3",-13662240.7386276,4663763.81701579,2
"488","PPW1331","B4",-13662239.2298588,4663769.72706452,2
"489","PPW1331","C1",-13662237.7986622,4663750.46586252,2
"490","PPW1331","C2",-13662236.2903579,4663756.37558367,2
"491","PPW1331","C3",-13662234.782052,4663762.28530796,2
"492","PPW1331","C4",-13662233.2737442,4663768.1950354,2
"493","PPW1331","D1",-13662231.841166,4663748.93479402,2
"494","PPW1331","D2",-13662230.3333229,4663754.84419388,2
"495","PPW1331","D3",-13662228.8254781,4663760.75359688,2
"496","PPW1331","D4",-13662227.3176315,4663766.66300302,2
"497","PPW1332","A1",-13660386.7563945,4663059.77039921,2
"498","PPW1332","A2",-13660385.2963793,4663065.48326972,2
"499","PPW1332","A3",-13660383.8363625,4663071.19614317,2
"500","PPW1332","A4",-13660382.376344,4663076.90901955,2
"501","PPW1332","B1",-13660380.6008534,4663058.18707326,2
"502","PPW1332","B2",-13660379.1413071,4663063.89970283,2
"503","PPW1332","B3",-13660377.6817592,4663069.61233533,2
"504","PPW1332","B4",-13660376.2222096,4663075.32497077,2
"505","PPW1332","C1",-13660374.4453143,4663056.60374384,2
"506","PPW1332","C2",-13660372.9862369,4663062.31613246,2
"507","PPW1332","C3",-13660371.5271578,4663068.02852402,2
"508","PPW1332","C4",-13660370.0680772,4663073.74091851,2
"509","PPW1332","D1",-13660368.289777,4663055.02041095,2
"510","PPW1332","D2",-13660366.8311685,4663060.73255863,2
"511","PPW1332","D3",-13660365.3725584,4663066.44470925,2
"512","PPW1332","D4",-13660363.9139466,4663072.15686279,2
"513","PPW1333","A1",-13660142.5107228,4663101.32992783,2
"514","PPW1333","A2",-13660141.06639,4663106.9808674,2
"515","PPW1333","A3",-13660139.6220556,4663112.63180986,2
"516","PPW1333","A4",-13660138.1777196,4663118.28275519,2
"517","PPW1333","B1",-13660136.3858512,4663099.75452639,2
"518","PPW1333","B2",-13660134.9419956,4663105.40514488,2
"519","PPW1333","B3",-13660133.4981384,4663111.05576625,2
"520","PPW1333","B4",-13660132.0542796,4663116.70639048,2
"521","PPW1333","C1",-13660130.2609814,4663098.17912154,2
"522","PPW1333","C2",-13660128.817603,4663103.82941893,2
"523","PPW1333","C3",-13660127.374223,4663109.4797192,2
"524","PPW1333","C4",-13660125.9308414,4663115.13002233,2
"525","PPW1333","D1",-13660124.1361136,4663096.60371325,2
"526","PPW1333","D2",-13660122.6932124,4663102.25368955,2
"527","PPW1333","D3",-13660121.2503095,4663107.90366871,2
"528","PPW1333","D4",-13660119.8074051,4663113.55365075,2
"529","PPW1334","A1",-13660485.2198778,4663056.10532521,2
"530","PPW1334","A2",-13660483.8223814,4663061.57362026,1
"531","PPW1334","A3",-13660482.4248835,4663067.041918,2
"532","PPW1334","A4",-13660481.0273842,4663072.51021842,2
"533","PPW1334","B1",-13660479.0620565,4663054.52145056,1
"534","PPW1334","B2",-13660477.6650289,4663059.98958496,1
"535","PPW1334","B3",-13660476.2679998,4663065.45772204,2
"536","PPW1334","B4",-13660474.8709692,4663070.9258618,2
"537","PPW1334","C1",-13660472.9042371,4663052.93757245,2
"538","PPW1334","C2",-13660471.5076783,4663058.40554618,1
"539","PPW1334","C3",-13660470.111118,4663063.8735226,1
"540","PPW1334","C4",-13660468.7145562,4663069.3415017,2
"541","PPW1334","D1",-13660466.7464196,4663051.35369085,2
"542","PPW1334","D2",-13660465.3503296,4663056.82150393,2
"543","PPW1334","D3",-13660463.9542381,4663062.28931969,2
"544","PPW1334","D4",-13660462.5581451,4663067.75713814,2
"545","PPW1335","A1",-13660217.6367342,4662762.89692233,2
"546","PPW1335","A2",-13660216.1057646,4662768.88724589,1
"547","PPW1335","A3",-13660214.5747931,4662774.87757267,2
"548","PPW1335","A4",-13660213.0438198,4662780.86790268,2
"549","PPW1335","B1",-13660211.4617048,4662761.30866564,2
"550","PPW1335","B2",-13660209.9312199,4662767.29874822,2
"551","PPW1335","B3",-13660208.4007331,4662773.28883404,2
"552","PPW1335","B4",-13660206.8702445,4662779.27892307,2
"553","PPW1335","C1",-13660205.2866774,4662759.72040544,2
"554","PPW1335","C2",-13660203.7566771,4662765.71024706,2
"555","PPW1335","C3",-13660202.226675,4662771.7000919,2
"556","PPW1335","C4",-13660200.6966711,4662777.68993997,2
"557","PPW1335","D1",-13660199.1116519,4662758.13214176,2
"558","PPW1335","D2",-13660197.5821363,4662764.12174241,2
"559","PPW1335","D3",-13660196.0526189,4662770.11134628,2
"560","PPW1335","D4",-13660194.5230997,4662776.10095339,2
"561","PPW1336","A1",-13659747.4327306,4662778.23674071,2
"562","PPW1336","A2",-13659745.8571024,4662784.40136716,2
"563","PPW1336","A3",-13659744.2814722,4662790.56599703,1
"564","PPW1336","A4",-13659742.7058401,4662796.73063031,1
"565","PPW1336","B1",-13659741.7278593,4662776.76934038,2
"566","PPW1336","B2",-13659740.1526762,4662782.93364562,2
"567","PPW1336","B3",-13659738.5774912,4662789.09795429,2
"568","PPW1336","B4",-13659737.0023043,4662795.26226638,1
"569","PPW1336","C1",-13659736.0229895,4662775.30193706,2
"570","PPW1336","C2",-13659734.4482516,4662781.46592111,2
"571","PPW1336","C3",-13659732.8735118,4662787.62990858,2
"572","PPW1336","C4",-13659731.2987701,4662793.79389946,2
"573","PPW1336","D1",-13659730.3181214,4662773.83453076,2
"574","PPW1336","D2",-13659728.7438287,4662779.99819362,2
"575","PPW1336","D3",-13659727.1695341,4662786.16185988,2
"576","PPW1336","D4",-13659725.5952376,4662792.32552957,2
"577","PPW1337","A1",-13658929.8964938,4662947.54052867,1
"578","PPW1337","A2",-13658928.3078448,4662953.75357663,2
"579","PPW1337","A3",-13658926.7191938,4662959.96662806,2
"580","PPW1337","A4",-13658925.1305409,4662966.17968297,2
"581","PPW1337","B1",-13658923.7432042,4662945.95698892,1
"582","PPW1337","B2",-13658922.1550398,4662952.1697959,1
"583","PPW1337","B3",-13658920.5668735,4662958.38260635,1
"584","PPW1337","B4",-13658918.9787052,4662964.59542027,2
"585","PPW1337","C1",-13658917.5899165,4662944.37344571,1
"586","PPW1337","C2",-13658916.0022367,4662950.5860117,1
"587","PPW1337","C3",-13658914.414555,4662956.79858117,1
"588","PPW1337","C4",-13658912.8268713,4662963.01115413,2
"589","PPW1337","D1",-13658911.4366307,4662942.78989902,2
"590","PPW1337","D2",-13658909.8494356,4662949.00222404,2
"591","PPW1337","D3",-13658908.2622385,4662955.21455254,2
"592","PPW1337","D4",-13658906.6750394,4662961.42688451,2
"593","PPW1338","A1",-13660412.1821989,4661038.80422804,2
"594","PPW1338","A2",-13660410.6087785,4661044.96155392,2
"595","PPW1338","A3",-13660409.0353561,4661051.11888321,2
"596","PPW1338","A4",-13660407.4619319,4661057.27621591,2
"597","PPW1338","B1",-13660406.0943,4661037.23844313,2
"598","PPW1338","B2",-13660404.5213562,4661043.39552803,2
"599","PPW1338","B3",-13660402.9484105,4661049.55261633,2
"600","PPW1338","B4",-13660401.3754628,4661055.70970804,2
"601","PPW1338","C1",-13660400.0064031,4661035.67265485,2
"602","PPW1338","C2",-13660398.4339358,4661041.82949875,2
"603","PPW1338","C3",-13660396.8614667,4661047.98634606,2
"604","PPW1338","C4",-13660395.2889956,4661054.14319678,2
"605","PPW1338","D1",-13660393.918508,4661034.10686317,2
"606","PPW1338","D2",-13660392.3465173,4661040.26346608,2
"607","PPW1338","D3",-13660390.7745247,4661046.4200724,2
"608","PPW1338","D4",-13660389.2025302,4661052.57668213,2
"609","PPW1339","A1",-13660468.064238,4661246.95821746,1
"610","PPW1339","A2",-13660466.4818094,4661253.15153854,1
"611","PPW1339","A3",-13660464.8993789,4661259.34486308,1
"612","PPW1339","A4",-13660463.3169464,4661265.53819106,1
"613","PPW1339","B1",-13660462.5782492,4661245.54762376,1
"614","PPW1339","B2",-13660460.9962658,4661251.74062372,1
"615","PPW1339","B3",-13660459.4142805,4661257.93362713,1
"616","PPW1339","B4",-13660457.8322933,4661264.12663399,1
"617","PPW1339","C1",-13660457.0922619,4661244.13702729,1
"618","PPW1339","C2",-13660455.5107238,4661250.32970614,1
"619","PPW1339","C3",-13660453.9291836,4661256.52238842,1
"620","PPW1339","C4",-13660452.3476416,4661262.71507416,1
"621","PPW1339","D1",-13660451.6062762,4661242.72642808,1
"622","PPW1339","D2",-13660450.0251832,4661248.9187858,1
"623","PPW1339","D3",-13660448.4440883,4661255.11114697,2
"624","PPW1339","D4",-13660446.8629915,4661261.30351158,2
"625","PPW1340","A1",-13657529.6196103,4660498.12739477,1
"626","PPW1340","A2",-13657528.0429988,4660504.28999489,1
"627","PPW1340","A3",-13657526.4663854,4660510.45259842,2
"628","PPW1340","A4",-13657524.8897701,4660516.61520536,2
"629","PPW1340","B1",-13657523.4645585,4660496.54269928,3
"630","PPW1340","B2",-13657521.8884319,4660502.70497836,3
"631","PPW1340","B3",-13657520.3123033,4660508.86726085,2
"632","PPW1340","B4",-13657518.7361729,4660515.02954676,2
"633","PPW1340","C1",-13657517.3095087,4660494.95800031,3
"634","PPW1340","C2",-13657515.7338669,4660501.11995836,3
"635","PPW1340","C3",-13657514.1582232,4660507.28191982,2
"636","PPW1340","C4",-13657512.5825775,4660513.44388469,2
"637","PPW1340","D1",-13657511.1544607,4660493.37329789,2
"638","PPW1340","D2",-13657509.5793038,4660499.5349349,2
"639","PPW1340","D3",-13657508.0041449,4660505.69657532,2
"640","PPW1340","D4",-13657506.4289841,4660511.85821915,2
"641","PPW1341","A1",-13657627.1169443,4660773.03408312,2
"642","PPW1341","A2",-13657625.5556579,4660779.13696495,2
"643","PPW1341","A3",-13657623.9943695,4660785.23985012,2
"644","PPW1341","A4",-13657622.4330794,4660791.34273865,2
"645","PPW1341","B1",-13657621.001418,4660771.4595235,2
"646","PPW1341","B2",-13657619.4406083,4660777.56216448,2
"647","PPW1341","B3",-13657617.8797966,4660783.6648088,2
"648","PPW1341","B4",-13657616.318983,4660789.76745648,2
"649","PPW1341","C1",-13657614.8858937,4660769.88496045,2
"650","PPW1341","C2",-13657613.3255605,4660775.98736058,3
"651","PPW1341","C3",-13657611.7652255,4660782.08976406,2
"652","PPW1341","C4",-13657610.2048886,4660788.19217088,2
"653","PPW1341","D1",-13657608.7703712,4660768.31039398,2
"654","PPW1341","D2",-13657607.2105147,4660774.41255326,3
"655","PPW1341","D3",-13657605.6506563,4660780.51471589,3
"656","PPW1341","D4",-13657604.0907961,4660786.61688187,3
"657","PPW1342","A1",-13657433.7750811,4660875.08123249,3
"658","PPW1342","A2",-13657432.1856606,4660881.29372222,3
"659","PPW1342","A3",-13657430.5962382,4660887.50621542,3
"660","PPW1342","A4",-13657429.0068139,4660893.71871209,3
"661","PPW1342","B1",-13657427.6303849,4660873.49902284,3
"662","PPW1342","B2",-13657426.0414493,4660879.71119152,3
"663","PPW1342","B3",-13657424.4525118,4660885.92336366,3
"664","PPW1342","B4",-13657422.8635723,4660892.13553927,3
"665","PPW1342","C1",-13657421.4856907,4660871.91680974,3
"666","PPW1342","C2",-13657419.8972399,4660878.12865736,3
"667","PPW1342","C3",-13657418.3087872,4660884.34050845,3
"668","PPW1342","C4",-13657416.7203326,4660890.552363,3
"669","PPW1342","D1",-13657415.3409984,4660870.33459319,3
"670","PPW1342","D2",-13657413.7530325,4660876.54611975,3
"671","PPW1342","D3",-13657412.1650646,4660882.75764978,3
"672","PPW1342","D4",-13657410.5770948,4660888.96918328,2
"673","PPW1343","A1",-13662943.006022,4665805.40410634,3
"674","PPW1343","A2",-13662941.5834619,4665810.97614418,2
"675","PPW1343","A3",-13662940.1609002,4665816.54818482,2
"676","PPW1343","A4",-13662938.738337,4665822.12022826,2
"677","PPW1343","B1",-13662936.8207426,4665803.81475572,3
"678","PPW1343","B2",-13662935.3986515,4665809.38655248,2
"679","PPW1343","B3",-13662933.9765589,4665814.95835203,2
"680","PPW1343","B4",-13662932.5544647,4665820.53015437,2
"681","PPW1343","C1",-13662930.6354651,4665802.2254016,3
"682","PPW1343","C2",-13662929.2138431,4665807.79695726,3
"683","PPW1343","C3",-13662927.7922195,4665813.36851573,2
"684","PPW1343","C4",-13662926.3705943,4665818.94007699,2
"685","PPW1343","D1",-13662924.4501896,4665800.63604397,3
"686","PPW1343","D2",-13662923.0290366,4665806.20735855,3
"687","PPW1343","D3",-13662921.607882,4665811.77867593,2
"688","PPW1343","D4",-13662920.1867258,4665817.3499961,2
"689","PPW1344","A1",-13663058.8151963,4665125.55306072,NA
"690","PPW1344","A2",-13663057.2991187,4665131.49226999,NA
"691","PPW1344","A3",-13663055.7830393,4665137.43148243,NA
"692","PPW1344","A4",-13663054.2669581,4665143.37069805,NA
"693","PPW1344","B1",-13663052.8847245,4665124.02944598,NA
"694","PPW1344","B2",-13663051.3691078,4665129.96841411,NA
"695","PPW1344","B3",-13663049.8534893,4665135.90738542,NA
"696","PPW1344","B4",-13663048.3378691,4665141.84635989,NA
"697","PPW1344","C1",-13663046.9542545,4665122.50582801,NA
"698","PPW1344","C2",-13663045.4390987,4665128.444555,NA
"699","PPW1344","C3",-13663043.9239412,4665134.38328517,NA
"700","PPW1344","C4",-13663042.4087819,4665140.32201852,NA
"701","PPW1344","D1",-13663041.0237862,4665120.98220682,NA
"702","PPW1344","D2",-13663039.5090914,4665126.92069268,NA
"703","PPW1344","D3",-13663037.9943948,4665132.85918171,NA
"704","PPW1344","D4",-13663036.4796964,4665138.79767391,NA
"705","PPW1345","A1",-13662373.5558075,4664282.92488208,2
"706","PPW1345","A2",-13662371.9687493,4664289.14088145,2
"707","PPW1345","A3",-13662370.3816892,4664295.3568843,2
"708","PPW1345","A4",-13662368.7946271,4664301.57289062,2
"709","PPW1345","B1",-13662367.8982925,4664281.47111148,2
"710","PPW1345","B2",-13662366.3116792,4664287.68686971,2
"711","PPW1345","B3",-13662364.725064,4664293.90263142,2
"712","PPW1345","B4",-13662363.1384469,4664300.11839661,2
"713","PPW1345","C1",-13662362.2407791,4664280.01733794,2
"714","PPW1345","C2",-13662360.6546108,4664286.23285504,2
"715","PPW1345","C3",-13662359.0684405,4664292.44837562,2
"716","PPW1345","C4",-13662357.4822683,4664298.66389968,2
"717","PPW1345","D1",-13662356.5832673,4664278.56356146,2
"718","PPW1345","D2",-13662354.9975439,4664284.77883744,2
"719","PPW1345","D3",-13662353.4118186,4664290.99411689,2
"720","PPW1345","D4",-13662351.8260913,4664297.20939981,2
"721","PPW1346","A1",-13660883.2434848,4662477.40980097,2
"722","PPW1346","A2",-13660881.759185,4662483.2192441,2
"723","PPW1346","A3",-13660880.2748836,4662489.02869028,2
"724","PPW1346","A4",-13660878.7905805,4662494.83813948,2
"725","PPW1346","B1",-13660877.1864258,4662475.85219485,2
"726","PPW1346","B2",-13660875.702595,4662481.66139704,2
"727","PPW1346","B3",-13660874.2187624,4662487.47060225,2
"728","PPW1346","B4",-13660872.7349281,4662493.2798105,2
"729","PPW1346","C1",-13660871.1293688,4662474.29458539,2
"730","PPW1346","C2",-13660869.6460067,4662480.1035466,2
"731","PPW1346","C3",-13660868.162643,4662485.91251086,2
"732","PPW1346","C4",-13660866.6792776,4662491.72147816,2
"733","PPW1346","D1",-13660865.0723136,4662472.73697254,2
"734","PPW1346","D2",-13660863.5894204,4662478.54569282,2
"735","PPW1346","D3",-13660862.1065255,4662484.35441612,2
"736","PPW1346","D4",-13660860.6236289,4662490.16314246,2
"737","PPW1347","A1",-13662792.8333082,4659784.40598678,NA
"738","PPW1347","A2",-13662791.3795658,4659790.10005517,NA
"739","PPW1347","A3",-13662789.9258218,4659795.7941265,NA
"740","PPW1347","A4",-13662788.4720762,4659801.48820074,NA
"741","PPW1347","B1",-13662786.7075403,4659782.8320419,NA
"742","PPW1347","B2",-13662785.2542748,4659788.52578918,NA
"743","PPW1347","B3",-13662783.8010077,4659794.21953937,NA
"744","PPW1347","B4",-13662782.347739,4659799.91329248,NA
"745","PPW1347","C1",-13662780.5817743,4659781.2580936,NA
"746","PPW1347","C2",-13662779.1289857,4659786.95151974,NA
"747","PPW1347","C3",-13662777.6761956,4659792.64494881,NA
"748","PPW1347","C4",-13662776.2234038,4659798.33838078,NA
"749","PPW1347","D1",-13662774.4560101,4659779.68414186,NA
"750","PPW1347","D2",-13662773.0036985,4659785.37724688,NA
"751","PPW1347","D3",-13662771.5513853,4659791.07035481,NA
"752","PPW1347","D4",-13662770.0990704,4659796.76346566,NA
"753","PPW1348","A1",-13662405.7845711,4660177.20589645,3
"754","PPW1348","A2",-13662404.3208637,4660182.93798801,3
"755","PPW1348","A3",-13662402.8571547,4660188.67008253,3
"756","PPW1348","A4",-13662401.393444,4660194.40218,3
"757","PPW1348","B1",-13662399.6513194,4660175.62975233,3
"758","PPW1348","B2",-13662398.1880887,4660181.36160295,3
"759","PPW1348","B3",-13662396.7248564,4660187.09345653,3
"760","PPW1348","B4",-13662395.2616224,4660192.82531305,3
"761","PPW1348","C1",-13662393.5180696,4660174.05360477,3
"762","PPW1348","C2",-13662392.0553156,4660179.78521445,3
"763","PPW1348","C3",-13662390.59256,4660185.51682707,3
"764","PPW1348","C4",-13662389.1298027,4660191.24844266,3
"765","PPW1348","D1",-13662387.3848217,4660172.47745377,3
"766","PPW1348","D2",-13662385.9225444,4660178.2088225,3
"767","PPW1348","D3",-13662384.4602655,4660183.94019419,3
"768","PPW1348","D4",-13662382.997985,4660189.67156882,3
"769","PPW1349","A1",-13658424.381622,4661984.60389375,2
"770","PPW1349","A2",-13658422.7966346,4661990.80153847,2
"771","PPW1349","A3",-13658421.2116451,4661996.99918664,2
"772","PPW1349","A4",-13658419.6266538,4662003.19683827,2
"773","PPW1349","B1",-13658418.2882686,4661983.03547574,2
"774","PPW1349","B2",-13658416.7037577,4661989.23287952,2
"775","PPW1349","B3",-13658415.119245,4661995.43028676,2
"776","PPW1349","B4",-13658413.5347303,4662001.62769745,2
"777","PPW1349","C1",-13658412.194917,4661981.46705432,2
"778","PPW1349","C2",-13658410.6108828,4661987.66421717,2
"779","PPW1349","C3",-13658409.0268467,4661993.86138348,2
"780","PPW1349","C4",-13658407.4428086,4662000.05855324,2
"781","PPW1349","D1",-13658406.1015673,4661979.89862951,2
"782","PPW1349","D2",-13658404.5180098,4661986.09555143,2
"783","PPW1349","D3",-13658402.9344503,4661992.2924768,2
"784","PPW1349","D4",-13658401.3508889,4661998.48940562,2
"785","PPW1350","A1",-13662360.8682222,4660259.18963152,3
"786","PPW1350","A2",-13662359.4123266,4660264.89098978,3
"787","PPW1350","A3",-13662357.9564294,4660270.59235096,3
"788","PPW1350","A4",-13662356.5005306,4660276.29371505,2
"789","PPW1350","B1",-13662354.8220737,4660257.63583779,3
"790","PPW1350","B2",-13662353.3666469,4660263.33695511,3
"791","PPW1350","B3",-13662351.9112184,4660269.03807536,3
"792","PPW1350","B4",-13662350.4557884,4660274.73919852,2
"793","PPW1350","C1",-13662348.775927,4660256.08204072,3
"794","PPW1350","C2",-13662347.3209689,4660261.78291711,3
"795","PPW1350","C3",-13662345.8660093,4660267.48379642,3
"796","PPW1350","C4",-13662344.411048,4660273.18467865,2
"797","PPW1350","D1",-13662342.7297821,4660254.52824029,3
"798","PPW1350","D2",-13662341.2752928,4660260.22887575,3
"799","PPW1350","D3",-13662339.820802,4660265.92951412,3
"800","PPW1350","D4",-13662338.3663095,4660271.63015543,3
"801","PPW1851","A1",-13657536.6998259,4660848.19522594,3
"802","PPW1851","A2",-13657535.3230131,4660853.57696652,3
"803","PPW1851","A3",-13657533.9461988,4660858.95870971,3
"804","PPW1851","A4",-13657532.569383,4660864.3404555,3
"805","PPW1851","B1",-13657531.5414962,4660846.86703383,3
"806","PPW1851","B2",-13657530.165081,4660852.24853378,3
"807","PPW1851","B3",-13657528.7886643,4660857.63003633,3
"808","PPW1851","B4",-13657527.4122462,4660863.01154148,3
"809","PPW1851","C1",-13657526.3831678,4660845.53883929,3
"810","PPW1851","C2",-13657525.0071503,4660850.9200986,3
"811","PPW1851","C3",-13657523.6311313,4660856.30136052,3
"812","PPW1851","C4",-13657522.2551108,4660861.68262504,3
"813","PPW1851","D1",-13657521.2248408,4660844.21064231,3
"814","PPW1851","D2",-13657519.8492209,4660849.59166099,3
"815","PPW1851","D3",-13657518.4735995,4660854.97268227,3
"816","PPW1851","D4",-13657517.0979767,4660860.35370615,3
"817","PPW1852","A1",-13657322.2414287,4661008.02967308,3
"818","PPW1852","A2",-13657320.72331,4661013.96304827,3
"819","PPW1852","A3",-13657319.2051896,4661019.89642665,3
"820","PPW1852","A4",-13657317.6870673,4661025.82980819,3
"821","PPW1852","B1",-13657316.225847,4661006.48054121,3
"822","PPW1852","B2",-13657314.7081974,4661012.41359543,3
"823","PPW1852","B3",-13657313.1905461,4661018.34665282,3
"824","PPW1852","B4",-13657311.6728929,4661024.27971337,3
"825","PPW1852","C1",-13657310.2102671,4661004.93140604,3
"826","PPW1852","C2",-13657308.6930866,4661010.86413928,3
"827","PPW1852","C3",-13657307.1759044,4661016.79687568,3
"828","PPW1852","C4",-13657305.6587203,4661022.72961525,3
"829","PPW1852","D1",-13657304.1946891,4661003.38226755,3
"830","PPW1852","D2",-13657302.6779777,4661009.31467981,3
"831","PPW1852","D3",-13657301.1612645,4661015.24709523,3
"832","PPW1852","D4",-13657299.6445496,4661021.17951382,3
"833","PPW1853","A1",-13657294.6881912,4660928.59681991,3
"834","PPW1853","A2",-13657293.0996188,4660934.80639544,3
"835","PPW1853","A3",-13657291.5110444,4660941.01597444,3
"836","PPW1853","A4",-13657289.9224681,4660947.2255569,4
"837","PPW1853","B1",-13657289.3237883,4660927.2157365,3
"838","PPW1853","B2",-13657287.7356455,4660933.42491083,3
"839","PPW1853","B3",-13657286.1475008,4660939.63408863,3
"840","PPW1853","B4",-13657284.5593541,4660945.84326989,4
"841","PPW1853","C1",-13657283.9593869,4660925.83465046,3
"842","PPW1853","C2",-13657282.3716737,4660932.0434236,3
"843","PPW1853","C3",-13657280.7839587,4660938.25220019,3
"844","PPW1853","C4",-13657279.1962416,4660944.46098025,4
"845","PPW1853","D1",-13657278.5949869,4660924.45356178,3
"846","PPW1853","D2",-13657277.0077034,4660930.66193373,4
"847","PPW1853","D3",-13657275.420418,4660936.87030913,4
"848","PPW1853","D4",-13657273.8331306,4660943.07868799,3
"849","PPW1854","A1",-13657393.4727469,4660779.657246,3
"850","PPW1854","A2",-13657392.0740068,4660785.1238679,3
"851","PPW1854","A3",-13657390.6752652,4660790.59049249,3
"852","PPW1854","A4",-13657389.2765221,4660796.05711977,3
"853","PPW1854","B1",-13657387.6745571,4660778.16415295,3
"854","PPW1854","B2",-13657386.2762622,4660783.63053419,3
"855","PPW1854","B3",-13657384.8779658,4660789.09691812,3
"856","PPW1854","B4",-13657383.4796679,4660794.56330473,3
"857","PPW1854","C1",-13657381.8763689,4660776.67105682,3
"858","PPW1854","C2",-13657380.4785193,4660782.1371974,3
"859","PPW1854","C3",-13657379.0806681,4660787.60334066,3
"860","PPW1854","C4",-13657377.6828154,4660793.06948661,3
"861","PPW1854","D1",-13657376.0781825,4660775.17795762,3
"862","PPW1854","D2",-13657374.680778,4660780.64385753,3
"863","PPW1854","D3",-13657373.283372,4660786.10976014,3
"864","PPW1854","D4",-13657371.8859646,4660791.57566543,3
