"","Plot","Quad","x","y","Tubbs.clark.RBR"
"1","PPW1501","A1",-2273816.06430374,2049464.00700683,346.742095947266
"2","PPW1501","A2",-2273810.40060542,2049483.39919342,293.490203857422
"3","PPW1501","A3",-2273804.73690705,2049502.79137924,221.193130493164
"4","PPW1501","A4",-2273799.07320862,2049522.18356428,221.193130493164
"5","PPW1501","A5",-2273793.40951015,2049541.57574856,215.865859985352
"6","PPW1501","B1",-2273797.04443017,2049458.44942654,350.171356201172
"7","PPW1501","B2",-2273791.38073124,2049477.84161267,263.268737792969
"8","PPW1501","B3",-2273785.71703226,2049497.23379804,221.193130493164
"9","PPW1501","B4",-2273780.05333323,2049516.62598263,221.193130493164
"10","PPW1501","B5",-2273774.38963415,2049536.01816646,215.410125732422
"11","PPW1501","C1",-2273778.02455757,2049452.89184381,350.171356201172
"12","PPW1501","C2",-2273772.36085803,2049472.28402949,251.588439941406
"13","PPW1501","C3",-2273766.69715844,2049491.6762144,251.588439941406
"14","PPW1501","C4",-2273761.03345881,2049511.06839854,197.155624389648
"15","PPW1501","C5",-2273755.36975912,2049530.46058192,215.410125732422
"16","PPW1501","D1",-2273759.00468594,2049447.33425864,296.191558837891
"17","PPW1501","D2",-2273753.3409858,2049466.72644387,251.588439941406
"18","PPW1501","D3",-2273747.6772856,2049486.11862832,251.588439941406
"19","PPW1501","D4",-2273742.01358536,2049505.51081201,287.803527832031
"20","PPW1501","D5",-2273736.34988507,2049524.90299493,287.803527832031
"21","PPW1501","E1",-2273739.98481529,2049441.77667104,314.642913818359
"22","PPW1501","E2",-2273734.32111454,2049461.16885582,314.642913818359
"23","PPW1501","E3",-2273728.65741374,2049480.56103981,204.168060302734
"24","PPW1501","E4",-2273722.99371289,2049499.95322305,287.803527832031
"25","PPW1501","E5",-2273717.33001199,2049519.34540551,287.803527832031
"26","PPW1507","A1",-2274082.81622837,2049872.39068263,117.989814758301
"27","PPW1507","A2",-2274077.15254069,2049891.78286559,82.873176574707
"28","PPW1507","A3",-2274071.48885297,2049911.17504778,143.982040405273
"29","PPW1507","A4",-2274065.8251652,2049930.5672292,193.231338500977
"30","PPW1507","A5",-2274060.16147739,2049949.95940984,222.571075439453
"31","PPW1507","B1",-2274063.79632702,2049866.83314086,119.041328430176
"32","PPW1507","B2",-2274058.13263874,2049886.22532337,143.982040405273
"33","PPW1507","B3",-2274052.4689504,2049905.6175051,143.982040405273
"34","PPW1507","B4",-2274046.80526203,2049925.00968606,193.231338500977
"35","PPW1507","B5",-2274041.1415736,2049944.40186626,230.211853027344
"36","PPW1507","C1",-2274044.77642666,2049861.27559664,153.104141235352
"37","PPW1507","C2",-2274039.11273776,2049880.66777869,153.104141235352
"38","PPW1507","C3",-2274033.44904881,2049900.05995998,138.189071655273
"39","PPW1507","C4",-2274027.78535982,2049919.45214049,230.211853027344
"40","PPW1507","C5",-2274022.12167079,2049938.84432024,230.211853027344
"41","PPW1507","D1",-2274025.75652726,2049855.71804998,153.104141235352
"42","PPW1507","D2",-2274020.09283775,2049875.11023158,153.104141235352
"43","PPW1507","D3",-2274014.42914819,2049894.50241242,152.514541625977
"44","PPW1507","D4",-2274008.76545859,2049913.89459248,152.514541625977
"45","PPW1507","D5",-2274003.10176895,2049933.28677177,133.795135498047
"46","PPW1507","E1",-2274006.73662884,2049850.16050087,64.5541152954102
"47","PPW1507","E2",-2274001.07293871,2049869.55268203,110.255172729492
"48","PPW1507","E3",-2273995.40924855,2049888.94486241,152.514541625977
"49","PPW1507","E4",-2273989.74555833,2049908.33704202,152.514541625977
"50","PPW1507","E5",-2273984.08186808,2049927.72922086,219.162063598633
"51","PPW1509","A1",-2276231.27952291,2053316.23049198,-26.3706512451172
"52","PPW1509","A2",-2276225.61592768,2053335.62263782,26.2285118103027
"53","PPW1509","A3",-2276219.95233245,2053355.01478287,26.2285118103027
"54","PPW1509","A4",-2276214.2887372,2053374.40692713,45.1456108093262
"55","PPW1509","A5",-2276208.62514195,2053393.7990706,45.1456108093262
"56","PPW1509","B1",-2276212.2593905,2053310.67326701,-26.3706512451172
"57","PPW1509","B2",-2276206.59579463,2053330.06541242,-26.3706512451172
"58","PPW1509","B3",-2276200.93219875,2053349.45755704,22.0765228271484
"59","PPW1509","B4",-2276195.26860286,2053368.84970087,12.1552362442017
"60","PPW1509","B5",-2276189.60500696,2053388.24184391,12.1552362442017
"61","PPW1509","C1",-2276193.23925905,2053305.11603956,29.3706569671631
"62","PPW1509","C2",-2276187.57566253,2053324.50818454,29.3706569671631
"63","PPW1509","C3",-2276181.912066,2053343.90032873,22.0765228271484
"64","PPW1509","C4",-2276176.24846947,2053363.29247213,22.0765228271484
"65","PPW1509","C5",-2276170.58487293,2053382.68461475,30.2464733123779
"66","PPW1509","D1",-2276174.21912855,2053299.55880963,14.4282636642456
"67","PPW1509","D2",-2276168.55553138,2053318.95095419,22.5401191711426
"68","PPW1509","D3",-2276162.89193421,2053338.34309794,40.5030899047852
"69","PPW1509","D4",-2276157.22833703,2053357.73524092,40.5030899047852
"70","PPW1509","D5",-2276151.56473984,2053377.12738311,30.2464733123779
"71","PPW1509","E1",-2276155.198999,2053294.00157723,14.4282636642456
"72","PPW1509","E2",-2276149.53540119,2053313.39372136,22.5401191711426
"73","PPW1509","E3",-2276143.87180337,2053332.78586469,7.30776786804199
"74","PPW1509","E4",-2276138.20820555,2053352.17800723,49.4919815063477
"75","PPW1509","E5",-2276132.54460771,2053371.57014899,113.090942382812
"76","PPW1510","A1",-2276219.82701611,2053528.61515089,79.151008605957
"77","PPW1510","A2",-2276214.16342239,2053548.00728969,121.147514343262
"78","PPW1510","A3",-2276208.49982866,2053567.3994277,121.147514343262
"79","PPW1510","A4",-2276202.83623492,2053586.79156491,59.1377258300781
"80","PPW1510","A5",-2276197.17264118,2053606.18370133,9.81359958648682
"81","PPW1510","B1",-2276200.80687474,2053523.05792759,112.982803344727
"82","PPW1510","B2",-2276195.14328037,2053542.45006596,112.982803344727
"83","PPW1510","B3",-2276189.479686,2053561.84220354,146.878677368164
"84","PPW1510","B4",-2276183.81609161,2053581.23434032,59.1377258300781
"85","PPW1510","B5",-2276178.15249722,2053600.62647632,59.1377258300781
"86","PPW1510","C1",-2276181.78673433,2053517.50070181,112.982803344727
"87","PPW1510","C2",-2276176.12313931,2053536.89283975,112.982803344727
"88","PPW1510","C3",-2276170.45954429,2053556.28497691,148.338638305664
"89","PPW1510","C4",-2276164.79594926,2053575.67711326,71.9518280029297
"90","PPW1510","C5",-2276159.13235422,2053595.06924883,71.9518280029297
"91","PPW1510","D1",-2276162.76659487,2053511.94347356,94.802978515625
"92","PPW1510","D2",-2276157.1029992,2053531.33561107,100.039497375488
"93","PPW1510","D3",-2276151.43940353,2053550.72774779,148.338638305664
"94","PPW1510","D4",-2276145.77580785,2053570.11988372,148.338638305664
"95","PPW1510","D5",-2276140.11221216,2053589.51201885,-5.82661962509155
"96","PPW1510","E1",-2276143.74645636,2053506.38624283,37.1823997497559
"97","PPW1510","E2",-2276138.08286005,2053525.77837991,38.3736228942871
"98","PPW1510","E3",-2276132.41926373,2053545.1705162,29.7579021453857
"99","PPW1510","E4",-2276126.7556674,2053564.5626517,29.7579021453857
"100","PPW1510","E5",-2276121.09207106,2053583.95478641,-5.82661962509155
"101","PPW1512","A1",-2276682.61425143,2052922.97844333,-29.1435794830322
"102","PPW1512","A2",-2276676.95066689,2052942.37061571,-29.1435794830322
"103","PPW1512","A3",-2276671.28708233,2052961.76278731,-9.57719230651855
"104","PPW1512","A4",-2276665.62349777,2052981.15495813,18.4143047332764
"105","PPW1512","A5",-2276659.9599132,2053000.54712816,18.4143047332764
"106","PPW1512","B1",-2276663.59411961,2052917.42126931,-29.1435794830322
"107","PPW1512","B2",-2276657.93053442,2052936.81344127,-29.1435794830322
"108","PPW1512","B3",-2276652.26694922,2052956.20561245,-13.1722421646118
"109","PPW1512","B4",-2276646.60336402,2052975.59778284,-65.8089752197266
"110","PPW1512","B5",-2276640.93977881,2052994.98995244,-65.8089752197266
"111","PPW1512","C1",-2276644.57398874,2052911.86409282,-8.40774250030518
"112","PPW1512","C2",-2276638.9104029,2052931.25626436,-38.1535987854004
"113","PPW1512","C3",-2276633.24681707,2052950.64843511,-13.1722421646118
"114","PPW1512","C4",-2276627.58323122,2052970.04060507,-13.1722421646118
"115","PPW1512","C5",-2276621.91964537,2052989.43277426,72.2119827270508
"116","PPW1512","D1",-2276625.55385881,2052906.30691386,-8.40774250030518
"117","PPW1512","D2",-2276619.89027233,2052925.69908497,30.0820503234863
"118","PPW1512","D3",-2276614.22668585,2052945.09125529,18.6136779785156
"119","PPW1512","D4",-2276608.56309937,2052964.48342483,18.6136779785156
"120","PPW1512","D5",-2276602.89951287,2052983.8755936,72.2119827270508
"121","PPW1512","E1",-2276606.53372983,2052900.74973243,-3.81573724746704
"122","PPW1512","E2",-2276600.87014271,2052920.14190311,30.0820503234863
"123","PPW1512","E3",-2276595.20655559,2052939.53407301,30.0820503234863
"124","PPW1512","E4",-2276589.54296846,2052958.92624213,25.5927581787109
"125","PPW1512","E5",-2276583.87938133,2052978.31841047,54.0294761657715
"126","PPW1515","A1",-2274927.30378766,2051066.26107546,28.8796901702881
"127","PPW1515","A2",-2274921.64013393,2051085.65324942,34.8435859680176
"128","PPW1515","A3",-2274915.97648017,2051105.0454226,34.8435859680176
"129","PPW1515","A4",-2274910.31282637,2051124.437595,98.6640319824219
"130","PPW1515","A5",-2274904.64917255,2051143.82976663,98.6640319824219
"131","PPW1515","B1",-2274908.28380259,2051060.70365504,79.7759017944336
"132","PPW1515","B2",-2274902.62014824,2051080.09582856,79.7759017944336
"133","PPW1515","B3",-2274896.95649385,2051099.48800129,91.4694213867188
"134","PPW1515","B4",-2274891.29283943,2051118.88017325,98.6640319824219
"135","PPW1515","B5",-2274885.62918498,2051138.27234444,98.6640319824219
"136","PPW1515","C1",-2274889.26381848,2051055.14623217,79.7759017944336
"137","PPW1515","C2",-2274883.6001635,2051074.53840524,86.4683837890625
"138","PPW1515","C3",-2274877.93650849,2051093.93057753,51.8750343322754
"139","PPW1515","C4",-2274872.27285345,2051113.32274905,51.8750343322754
"140","PPW1515","C5",-2274866.60919838,2051132.71491979,84.9222564697266
"141","PPW1515","D1",-2274870.24383534,2051049.58880684,60.6618537902832
"142","PPW1515","D2",-2274864.58017974,2051068.98097947,86.4683837890625
"143","PPW1515","D3",-2274858.9165241,2051088.37315132,51.8750343322754
"144","PPW1515","D4",-2274853.25286844,2051107.76532239,84.1625747680664
"145","PPW1515","D5",-2274847.58921274,2051127.15749269,100.529319763184
"146","PPW1515","E1",-2274851.22385316,2051044.03137906,83.0431976318359
"147","PPW1515","E2",-2274845.56019694,2051063.42355125,74.2108917236328
"148","PPW1515","E3",-2274839.89654068,2051082.81572265,74.2108917236328
"149","PPW1515","E4",-2274834.23288439,2051102.20789329,84.1625747680664
"150","PPW1515","E5",-2274828.56922807,2051121.60006314,100.529319763184
"151","PPW1521","A1",-2275480.31708658,2049151.55211882,51.7717628479004
"152","PPW1521","A2",-2275474.65343606,2049170.94436825,19.5899925231934
"153","PPW1521","A3",-2275468.98978549,2049190.33661693,19.5899925231934
"154","PPW1521","A4",-2275463.32613489,2049209.72886486,49.1381645202637
"155","PPW1521","A5",-2275457.66248425,2049229.12111202,27.8774471282959
"156","PPW1521","B1",-2275461.29716233,2049145.994741,51.7717628479004
"157","PPW1521","B2",-2275455.63351119,2049165.38699,19.5899925231934
"158","PPW1521","B3",-2275449.96986002,2049184.77923824,39.7054138183594
"159","PPW1521","B4",-2275444.30620881,2049204.17148573,25.7012023925781
"160","PPW1521","B5",-2275438.64255757,2049223.56373246,25.7012023925781
"161","PPW1521","C1",-2275442.27723902,2049140.43736075,49.0003471374512
"162","PPW1521","C2",-2275436.61358729,2049159.82960932,49.0003471374512
"163","PPW1521","C3",-2275430.94993551,2049179.22185712,39.7054138183594
"164","PPW1521","C4",-2275425.2862837,2049198.61410417,25.7012023925781
"165","PPW1521","C5",-2275419.62263185,2049218.00635046,2.93602967262268
"166","PPW1521","D1",-2275423.25731668,2049134.87997807,121.943687438965
"167","PPW1521","D2",-2275417.59366434,2049154.27222619,29.223611831665
"168","PPW1521","D3",-2275411.93001196,2049173.66447357,6.70540714263916
"169","PPW1521","D4",-2275406.26635955,2049193.05672018,6.70540714263916
"170","PPW1521","D5",-2275400.60270709,2049212.44896603,2.93602967262268
"171","PPW1521","E1",-2275404.2373953,2049129.32259296,121.943687438965
"172","PPW1521","E2",-2275398.57374236,2049148.71484064,29.223611831665
"173","PPW1521","E3",-2275392.91008937,2049168.10708757,27.3448886871338
"174","PPW1521","E4",-2275387.24643636,2049187.49933375,27.3448886871338
"175","PPW1521","E5",-2275381.58278329,2049206.89157917,135.341079711914
"176","PPW1522","A1",-2275160.4146803,2049017.03852389,61.6206130981445
"177","PPW1522","A2",-2275154.75101935,2049036.43076719,36.2600898742676
"178","PPW1522","A3",-2275149.08735835,2049055.82300972,38.4855880737305
"179","PPW1522","A4",-2275143.42369732,2049075.21525149,38.9304428100586
"180","PPW1522","A5",-2275137.76003624,2049094.60749251,38.9304428100586
"181","PPW1522","B1",-2275141.39477392,2049011.48110459,87.6523971557617
"182","PPW1522","B2",-2275135.73111237,2049030.87334745,36.2600898742676
"183","PPW1522","B3",-2275130.06745077,2049050.26558954,38.4855880737305
"184","PPW1522","B4",-2275124.40378913,2049069.65783087,71.2913436889648
"185","PPW1522","B5",-2275118.74012745,2049089.05007145,7.46983814239502
"186","PPW1522","C1",-2275122.37486851,2049005.92368286,103.355537414551
"187","PPW1522","C2",-2275116.71120635,2049025.31592527,95.6027450561523
"188","PPW1522","C3",-2275111.04754415,2049044.70816692,95.6027450561523
"189","PPW1522","C4",-2275105.38388191,2049064.10040781,71.2913436889648
"190","PPW1522","C5",-2275099.72021963,2049083.49264795,7.46983814239502
"191","PPW1522","D1",-2275103.35496406,2049000.3662587,103.355537414551
"192","PPW1522","D2",-2275097.6913013,2049019.75850067,95.6027450561523
"193","PPW1522","D3",-2275092.02763849,2049039.15074188,346.201568603516
"194","PPW1522","D4",-2275086.36397565,2049058.54298233,181.550903320312
"195","PPW1522","D5",-2275080.70031277,2049077.93522203,164.335464477539
"196","PPW1522","E1",-2275084.33506057,2048994.80883211,203.995666503906
"197","PPW1522","E2",-2275078.6713972,2049014.20107363,203.995666503906
"198","PPW1522","E3",-2275073.0077338,2049033.59331441,346.201568603516
"199","PPW1522","E4",-2275067.34407035,2049052.98555441,181.550903320312
"200","PPW1522","E5",-2275061.68040686,2049072.37779367,187.230438232422
"201","PPW1524","A1",-2275689.21813403,2051747.70594075,68.1395492553711
"202","PPW1524","A2",-2275683.55450889,2051767.09811816,68.1395492553711
"203","PPW1524","A3",-2275677.89088373,2051786.49029479,90.4466247558594
"204","PPW1524","A4",-2275672.22725855,2051805.88247064,90.3474884033203
"205","PPW1524","A5",-2275666.56363335,2051825.27464571,90.3474884033203
"206","PPW1524","B1",-2275670.19809059,2051742.14862513,81.1832046508789
"207","PPW1524","B2",-2275664.53446482,2051761.5408021,79.6368103027344
"208","PPW1524","B3",-2275658.87083903,2051780.93297829,78.915153503418
"209","PPW1524","B4",-2275653.20721322,2051800.32515371,78.915153503418
"210","PPW1524","B5",-2275647.54358739,2051819.71732835,66.623291015625
"211","PPW1524","C1",-2275651.1780481,2051736.59130704,81.0625076293945
"212","PPW1524","C2",-2275645.51442171,2051755.98348359,79.6368103027344
"213","PPW1524","C3",-2275639.85079529,2051775.37565934,78.915153503418
"214","PPW1524","C4",-2275634.18716884,2051794.76783432,130.374786376953
"215","PPW1524","C5",-2275628.52354238,2051814.16000853,109.425155639648
"216","PPW1524","D1",-2275632.15800658,2051731.03398649,19.4691848754883
"217","PPW1524","D2",-2275626.49437955,2051750.4261626,107.209671020508
"218","PPW1524","D3",-2275620.8307525,2051769.81833793,107.209671020508
"219","PPW1524","D4",-2275615.16712543,2051789.21051248,130.374786376953
"220","PPW1524","D5",-2275609.50349833,2051808.60268624,109.425155639648
"221","PPW1524","E1",-2275613.13796601,2051725.47666349,19.4691848754883
"222","PPW1524","E2",-2275607.47433835,2051744.86883916,19.4691848754883
"223","PPW1524","E3",-2275601.81071067,2051764.26101405,160.890106201172
"224","PPW1524","E4",-2275596.14708297,2051783.65318816,183.894943237305
"225","PPW1524","E5",-2275590.48345524,2051803.0453615,183.894943237305
"226","PPW1525","A1",-2273493.59697206,2049850.70861946,205.599075317383
"227","PPW1525","A2",-2273487.93326641,2049870.10078381,131.681945800781
"228","PPW1525","A3",-2273482.26956071,2049889.49294739,185.92350769043
"229","PPW1525","A4",-2273476.60585497,2049908.88511019,185.92350769043
"230","PPW1525","A5",-2273470.94214917,2049928.27727221,214.726104736328
"231","PPW1525","B1",-2273474.57709448,2049845.15100401,213.015686035156
"232","PPW1525","B2",-2273468.91338822,2049864.54316791,136.378173828125
"233","PPW1525","B3",-2273463.24968191,2049883.93533103,136.378173828125
"234","PPW1525","B4",-2273457.58597556,2049903.32749337,159.616577148438
"235","PPW1525","B5",-2273451.92226915,2049922.71965494,214.726104736328
"236","PPW1525","C1",-2273455.55721788,2049839.59338612,213.015686035156
"237","PPW1525","C2",-2273449.89351101,2049858.98554956,136.378173828125
"238","PPW1525","C3",-2273444.22980409,2049878.37771222,181.387496948242
"239","PPW1525","C4",-2273438.56609712,2049897.76987411,170.382843017578
"240","PPW1525","C5",-2273432.9023901,2049917.16203522,136.375930786133
"241","PPW1525","D1",-2273436.53734226,2049834.03576579,194.245178222656
"242","PPW1525","D2",-2273430.87363478,2049853.42792877,194.245178222656
"243","PPW1525","D3",-2273425.20992725,2049872.82009098,181.387496948242
"244","PPW1525","D4",-2273419.54621967,2049892.21225241,170.382843017578
"245","PPW1525","D5",-2273413.88251204,2049911.60441306,175.692169189453
"246","PPW1525","E1",-2273417.51746762,2049828.47814302,194.245178222656
"247","PPW1525","E2",-2273411.85375953,2049847.87030555,165.368637084961
"248","PPW1525","E3",-2273406.19005139,2049867.26246729,194.269836425781
"249","PPW1525","E4",-2273400.52634319,2049886.65462827,175.692169189453
"250","PPW1525","E5",-2273394.86263495,2049906.04678846,175.692169189453
"251","PPW1532","A1",-2274789.56436463,2050725.04249296,132.732894897461
"252","PPW1532","A2",-2274783.90070422,2050744.43467291,132.732894897461
"253","PPW1532","A3",-2274778.23704379,2050763.82685208,103.691513061523
"254","PPW1532","A4",-2274772.57338331,2050783.21903048,103.691513061523
"255","PPW1532","A5",-2274766.9097228,2050802.6112081,73.2735290527344
"256","PPW1532","B1",-2274770.54439954,2050719.48505068,78.0681381225586
"257","PPW1532","B2",-2274764.88073851,2050738.87723018,77.9135131835938
"258","PPW1532","B3",-2274759.21707746,2050758.26940891,22.131763458252
"259","PPW1532","B4",-2274753.55341636,2050777.66158687,22.131763458252
"260","PPW1532","B5",-2274747.88975523,2050797.05376405,28.9279766082764
"261","PPW1532","C1",-2274751.52443541,2050713.92760595,61.2496871948242
"262","PPW1532","C2",-2274745.86077377,2050733.31978501,77.9135131835938
"263","PPW1532","C3",-2274740.19711209,2050752.71196329,77.9135131835938
"264","PPW1532","C4",-2274734.53345037,2050772.10414081,81.3453979492188
"265","PPW1532","C5",-2274728.86978863,2050791.49631755,102.841033935547
"266","PPW1532","D1",-2274732.50447225,2050708.37015877,33.7766456604004
"267","PPW1532","D2",-2274726.84080999,2050727.76233739,34.1713371276855
"268","PPW1532","D3",-2274721.17714769,2050747.15451523,34.1713371276855
"269","PPW1532","D4",-2274715.51348536,2050766.54669229,81.3453979492188
"270","PPW1532","D5",-2274709.84982299,2050785.93886859,102.841033935547
"271","PPW1532","E1",-2274713.48451006,2050702.81270914,33.7766456604004
"272","PPW1532","E2",-2274707.82084717,2050722.20488731,33.7766456604004
"273","PPW1532","E3",-2274702.15718425,2050741.59706471,68.6351547241211
"274","PPW1532","E4",-2274696.4935213,2050760.98924133,103.866622924805
"275","PPW1532","E5",-2274690.82985831,2050780.38141718,103.866622924805
"276","PPW1535","A1",-2274728.49693756,2050464.10575542,107.311584472656
"277","PPW1535","A2",-2274722.83327345,2050483.49794135,107.311584472656
"278","PPW1535","A3",-2274717.16960931,2050502.8901265,24.1750411987305
"279","PPW1535","A4",-2274711.50594513,2050522.28231088,78.7035446166992
"280","PPW1535","A5",-2274705.84228091,2050541.67449449,78.7035446166992
"281","PPW1535","B1",-2274709.47698603,2050458.54830198,107.311584472656
"282","PPW1535","B2",-2274703.81332131,2050477.94048746,53.6747856140137
"283","PPW1535","B3",-2274698.14965655,2050497.33267217,44.829719543457
"284","PPW1535","B4",-2274692.48599175,2050516.72485611,40.8610954284668
"285","PPW1535","B5",-2274686.82232692,2050536.11703927,40.8610954284668
"286","PPW1535","C1",-2274690.45703547,2050452.9908461,96.8603820800781
"287","PPW1535","C2",-2274684.79337013,2050472.38303114,53.6747856140137
"288","PPW1535","C3",-2274679.12970475,2050491.7752154,44.829719543457
"289","PPW1535","C4",-2274673.46603934,2050511.16739889,74.4716796875
"290","PPW1535","C5",-2274667.80237389,2050530.55958161,65.9315795898438
"291","PPW1535","D1",-2274671.43708588,2050447.43338777,52.9119987487793
"292","PPW1535","D2",-2274665.77341992,2050466.82557236,58.2010841369629
"293","PPW1535","D3",-2274660.10975392,2050486.21775618,74.4716796875
"294","PPW1535","D4",-2274654.44608789,2050505.60993922,74.4716796875
"295","PPW1535","D5",-2274648.78242182,2050525.0021215,65.9315795898438
"296","PPW1535","E1",-2274652.41713725,2050441.87592699,52.9119987487793
"297","PPW1535","E2",-2274646.75347067,2050461.26811113,58.2010841369629
"298","PPW1535","E3",-2274641.08980406,2050480.66029451,40.9644775390625
"299","PPW1535","E4",-2274635.42613741,2050500.05247711,42.5002517700195
"300","PPW1535","E5",-2274629.76247072,2050519.44465894,52.1088180541992
"301","PPW1538","A1",-2275249.84244664,2049202.07396196,18.5710163116455
"302","PPW1538","A2",-2275244.17878958,2049221.46620258,2.59512758255005
"303","PPW1538","A3",-2275238.51513249,2049240.85844244,3.02748680114746
"304","PPW1538","A4",-2275232.85147535,2049260.25068154,3.30229544639587
"305","PPW1538","A5",-2275227.18781818,2049279.64291989,3.30229544639587
"306","PPW1538","B1",-2275230.82252903,2049196.51655626,2.59512758255005
"307","PPW1538","B2",-2275225.15887137,2049215.90879644,2.59512758255005
"308","PPW1538","B3",-2275219.49521367,2049235.30103586,3.02748680114746
"309","PPW1538","B4",-2275213.83155593,2049254.69327452,17.0842132568359
"310","PPW1538","B5",-2275208.16789815,2049274.08551243,11.2830543518066
"311","PPW1538","C1",-2275211.80261237,2049190.95914812,-6.6241979598999
"312","PPW1538","C2",-2275206.13895411,2049210.35138786,10.0340261459351
"313","PPW1538","C3",-2275200.4752958,2049229.74362684,17.0842132568359
"314","PPW1538","C4",-2275194.81163746,2049249.13586506,17.0842132568359
"315","PPW1538","C5",-2275189.14797907,2049268.52810254,11.2830543518066
"316","PPW1538","D1",-2275192.78269668,2049185.40173755,-6.6241979598999
"317","PPW1538","D2",-2275187.11903781,2049204.79397685,10.0340261459351
"318","PPW1538","D3",-2275181.4553789,2049224.18621539,-20.3081817626953
"319","PPW1538","D4",-2275175.79171995,2049243.57845317,12.4250392913818
"320","PPW1538","D5",-2275170.12806096,2049262.9706902,6.48512744903564
"321","PPW1538","E1",-2275173.76278195,2049179.84432454,9.7920560836792
"322","PPW1538","E2",-2275168.09912248,2049199.2365634,-20.3081817626953
"323","PPW1538","E3",-2275162.43546297,2049218.6288015,-20.3081817626953
"324","PPW1538","E4",-2275156.77180341,2049238.02103885,12.4250392913818
"325","PPW1538","E5",-2275151.10814381,2049257.41327544,41.6071357727051
"326","PPW1539","A1",-2275245.81065629,2049371.37738096,2.55454158782959
"327","PPW1539","A2",-2275240.14700025,2049390.76961639,10.3920154571533
"328","PPW1539","A3",-2275234.48334418,2049410.16185107,12.9660997390747
"329","PPW1539","A4",-2275228.81968806,2049429.55408499,12.9660997390747
"330","PPW1539","A5",-2275223.15603192,2049448.94631814,71.7194213867188
"331","PPW1539","B1",-2275226.79073166,2049365.81997706,20.214204788208
"332","PPW1539","B2",-2275221.12707501,2049385.21221205,10.3920154571533
"333","PPW1539","B3",-2275215.46341834,2049404.60444629,10.3920154571533
"334","PPW1539","B4",-2275209.79976162,2049423.99667976,29.5476264953613
"335","PPW1539","B5",-2275204.13610486,2049443.38891248,55.978099822998
"336","PPW1539","C1",-2275207.77080799,2049360.26257071,21.4457702636719
"337","PPW1539","C2",-2275202.10715074,2049379.65480527,31.5142822265625
"338","PPW1539","C3",-2275196.44349345,2049399.04703907,31.5142822265625
"339","PPW1539","C4",-2275190.77983613,2049418.43927211,29.5476264953613
"340","PPW1539","C5",-2275185.11617876,2049437.83150438,55.978099822998
"341","PPW1539","D1",-2275188.75088528,2049354.70516194,21.4457702636719
"342","PPW1539","D2",-2275183.08722742,2049374.09739606,66.2634963989258
"343","PPW1539","D3",-2275177.42356953,2049393.48962942,87.6762313842773
"344","PPW1539","D4",-2275171.7599116,2049412.88186201,50.8114166259766
"345","PPW1539","D5",-2275166.09625363,2049432.27409385,50.8114166259766
"346","PPW1539","E1",-2275169.73096353,2049349.14775073,66.2634963989258
"347","PPW1539","E2",-2275164.06730507,2049368.53998441,66.2634963989258
"348","PPW1539","E3",-2275158.40364657,2049387.93221733,87.6762313842773
"349","PPW1539","E4",-2275152.73998803,2049407.32444949,93.488037109375
"350","PPW1539","E5",-2275147.07632946,2049426.71668088,93.488037109375
"351","PPW1540","A1",-2273220.68994375,2048173.48687564,93.5753631591797
"352","PPW1540","A2",-2273215.02622009,2048192.87908129,153.201278686523
"353","PPW1540","A3",-2273209.36249637,2048212.27128618,137.730331420898
"354","PPW1540","A4",-2273203.69877259,2048231.6634903,160.080139160156
"355","PPW1540","A5",-2273198.03504874,2048251.05569366,209.211547851562
"356","PPW1540","B1",-2273201.67014808,2048167.92920509,135.208557128906
"357","PPW1540","B2",-2273196.00642383,2048187.32141027,131.982238769531
"358","PPW1540","B3",-2273190.34269951,2048206.7136147,160.080139160156
"359","PPW1540","B4",-2273184.67897514,2048226.10581836,160.080139160156
"360","PPW1540","B5",-2273179.01525069,2048245.49802127,209.211547851562
"361","PPW1540","C1",-2273182.65035339,2048162.37153211,135.208557128906
"362","PPW1540","C2",-2273176.98662854,2048181.76373683,131.982238769531
"363","PPW1540","C3",-2273171.32290363,2048201.1559408,195.608489990234
"364","PPW1540","C4",-2273165.65917866,2048220.548144,246.672317504883
"365","PPW1540","C5",-2273159.99545363,2048239.94034645,295.814147949219
"366","PPW1540","D1",-2273163.63055968,2048156.8138567,107.785736083984
"367","PPW1540","D2",-2273157.96683424,2048176.20606097,195.608489990234
"368","PPW1540","D3",-2273152.30310874,2048195.59826448,195.608489990234
"369","PPW1540","D4",-2273146.63938317,2048214.99046722,246.672317504883
"370","PPW1540","D5",-2273140.97565754,2048234.3826692,227.070388793945
"371","PPW1540","E1",-2273144.61076695,2048151.25617888,161.146820068359
"372","PPW1540","E2",-2273138.94704092,2048170.64838268,161.146820068359
"373","PPW1540","E3",-2273133.28331482,2048190.04058573,191.530914306641
"374","PPW1540","E4",-2273127.61958866,2048209.43278801,227.070388793945
"375","PPW1540","E5",-2273121.95586243,2048228.82498954,227.070388793945
"376","PPW1544","A1",-2276327.97382571,2052861.45540064,17.8251247406006
"377","PPW1544","A2",-2276322.31022957,2052880.84756377,36.2210464477539
"378","PPW1544","A3",-2276316.64663341,2052900.23972612,-24.7781963348389
"379","PPW1544","A4",-2276310.98303725,2052919.63188768,40.1975860595703
"380","PPW1544","A5",-2276305.31944108,2052939.02404846,40.1975860595703
"381","PPW1544","B1",-2276308.95370973,2052855.89818117,36.2210464477539
"382","PPW1544","B2",-2276303.29011295,2052875.29034387,36.2210464477539
"383","PPW1544","B3",-2276297.62651615,2052894.68250579,-24.7781963348389
"384","PPW1544","B4",-2276291.96291935,2052914.07466692,6.45477151870728
"385","PPW1544","B5",-2276286.29932253,2052933.46682727,-11.8677816390991
"386","PPW1544","C1",-2276289.93359471,2052850.34095922,-0.619240045547485
"387","PPW1544","C2",-2276284.26999728,2052869.73312149,-0.191049352288246
"388","PPW1544","C3",-2276278.60639985,2052889.12528298,6.45477151870728
"389","PPW1544","C4",-2276272.9428024,2052908.51744369,6.45477151870728
"390","PPW1544","C5",-2276267.27920494,2052927.90960361,-11.8677816390991
"391","PPW1544","D1",-2276270.91348063,2052844.7837348,-0.619240045547485
"392","PPW1544","D2",-2276265.24988257,2052864.17589664,-0.191049352288246
"393","PPW1544","D3",-2276259.58628449,2052883.56805771,20.3504734039307
"394","PPW1544","D4",-2276253.9226864,2052902.96021799,-0.41814911365509
"395","PPW1544","D5",-2276248.2590883,2052922.35237748,38.335334777832
"396","PPW1544","E1",-2276251.89336751,2052839.22650791,18.4524555206299
"397","PPW1544","E2",-2276246.2297688,2052858.61866933,20.3504734039307
"398","PPW1544","E3",-2276240.56617009,2052878.01082996,20.3504734039307
"399","PPW1544","E4",-2276234.90257136,2052897.40298981,-13.7658977508545
"400","PPW1544","E5",-2276229.23897261,2052916.79514888,-9.42699146270752
"401","PPW1549","A1",-2273562.82526968,2049489.98449705,201.116500854492
"402","PPW1549","A2",-2273557.16156389,2049509.37667457,129.447494506836
"403","PPW1549","A3",-2273551.49785805,2049528.76885132,132.766647338867
"404","PPW1549","A4",-2273545.83415215,2049548.16102731,132.766647338867
"405","PPW1549","A5",-2273540.17044621,2049567.55320252,112.066329956055
"406","PPW1549","B1",-2273543.80540483,2049484.4268856,201.116500854492
"407","PPW1549","B2",-2273538.14169844,2049503.81906266,129.447494506836
"408","PPW1549","B3",-2273532.47799199,2049523.21123895,139.626495361328
"409","PPW1549","B4",-2273526.81428549,2049542.60341448,160.886703491211
"410","PPW1549","B5",-2273521.15057894,2049561.99558923,132.277908325195
"411","PPW1549","C1",-2273524.78554097,2049478.86927171,173.359649658203
"412","PPW1549","C2",-2273519.12183397,2049498.26144831,139.626495361328
"413","PPW1549","C3",-2273513.45812691,2049517.65362415,139.626495361328
"414","PPW1549","C4",-2273507.7944198,2049537.04579922,160.886703491211
"415","PPW1549","C5",-2273502.13071264,2049556.43797352,91.7786178588867
"416","PPW1549","D1",-2273505.76567808,2049473.31165538,173.359649658203
"417","PPW1549","D2",-2273500.10197047,2049492.70383152,149.668029785156
"418","PPW1549","D3",-2273494.43826281,2049512.09600691,161.91276550293
"419","PPW1549","D4",-2273488.77455509,2049531.48818152,192.66633605957
"420","PPW1549","D5",-2273483.11084732,2049550.88035536,192.66633605957
"421","PPW1549","E1",-2273486.74581617,2049467.75403661,149.668029785156
"422","PPW1549","E2",-2273481.08210795,2049487.1462123,149.668029785156
"423","PPW1549","E3",-2273475.41839968,2049506.53838723,161.91276550293
"424","PPW1549","E4",-2273469.75469136,2049525.93056138,154.860336303711
"425","PPW1549","E5",-2273464.09098298,2049545.32273477,154.860336303711
"426","PPW2152","A1",-2272954.87240865,2048514.6522341,576.975769042969
"427","PPW2152","A2",-2272949.20867896,2048534.04442086,576.975769042969
"428","PPW2152","A3",-2272943.54494921,2048553.43660684,491.8779296875
"429","PPW2152","A4",-2272937.8812194,2048572.82879207,268.107971191406
"430","PPW2152","A5",-2272932.21748952,2048592.22097653,314.827117919922
"431","PPW2152","B1",-2272935.85260902,2048509.09453485,576.975769042969
"432","PPW2152","B2",-2272930.18887874,2048528.48672113,670.855895996094
"433","PPW2152","B3",-2272924.52514839,2048547.87890667,548.533020019531
"434","PPW2152","B4",-2272918.86141798,2048567.27109142,314.827117919922
"435","PPW2152","B5",-2272913.19768751,2048586.66327542,314.827117919922
"436","PPW2152","C1",-2272916.83281038,2048503.53683316,652.228271484375
"437","PPW2152","C2",-2272911.1690795,2048522.92901899,670.855895996094
"438","PPW2152","C3",-2272905.50534855,2048542.32120406,548.533020019531
"439","PPW2152","C4",-2272899.84161755,2048561.71338835,522.394470214844
"440","PPW2152","C5",-2272894.17788648,2048581.10557188,268.418579101562
"441","PPW2152","D1",-2272897.81301273,2048497.97912905,597.256042480469
"442","PPW2152","D2",-2272892.14928125,2048517.37131441,632.654907226562
"443","PPW2152","D3",-2272886.48554971,2048536.76349901,522.394470214844
"444","PPW2152","D4",-2272880.8218181,2048556.15568285,522.394470214844
"445","PPW2152","D5",-2272875.15808643,2048575.54786592,268.418579101562
"446","PPW2152","E1",-2272878.79321606,2048492.42142251,597.256042480469
"447","PPW2152","E2",-2272873.12948398,2048511.81360741,635.978576660156
"448","PPW2152","E3",-2272867.46575184,2048531.20579154,635.978576660156
"449","PPW2152","E4",-2272861.80201963,2048550.59797492,593.898864746094
"450","PPW2152","E5",-2272856.13828737,2048569.99015753,364.194458007812
