"","Plot","Quad","x","y","Tubbs.mtbs.RDNBR","Tubbs.mtbs.DNBR","Tubbs.mtbs.DNBR6","Kincade.mtbs.RDNBR","Kincade.mtbs.DNBR","Kincade.mtbs.DNBR6"
"1","PPW1501","A1",-2273816.06431868,2049464.00697472,500,347,3,65,36,1
"2","PPW1501","A2",-2273810.40062036,2049483.39916131,407,273,2,104,65,2
"3","PPW1501","A3",-2273804.73692199,2049502.79134713,275,182,2,22,3,1
"4","PPW1501","A4",-2273799.07322357,2049522.18353217,275,182,2,114,78,2
"5","PPW1501","A5",-2273793.4095251,2049541.57571645,286,196,2,208,154,2
"6","PPW1501","B1",-2273797.04444511,2049458.44939443,517,342,3,100,61,2
"7","PPW1501","B2",-2273791.38074618,2049477.84158056,456,309,2,82,51,1
"8","PPW1501","B3",-2273785.7170472,2049497.23376592,275,182,2,82,51,1
"9","PPW1501","B4",-2273780.05334817,2049516.62595052,275,182,2,114,78,2
"10","PPW1501","B5",-2273774.38964909,2049536.01813435,190,115,2,208,154,2
"11","PPW1501","C1",-2273778.02457251,2049452.8918117,517,342,3,100,61,2
"12","PPW1501","C2",-2273772.36087297,2049472.28399738,418,292,2,60,32,1
"13","PPW1501","C3",-2273766.69717338,2049491.67618229,418,292,2,60,32,1
"14","PPW1501","C4",-2273761.03347375,2049511.06836643,310,202,2,81,49,1
"15","PPW1501","C5",-2273755.36977406,2049530.4605498,190,115,2,221,163,2
"16","PPW1501","D1",-2273759.00470088,2049447.33422654,470,320,3,88,53,1
"17","PPW1501","D2",-2273753.34100074,2049466.72641176,418,292,2,88,53,1
"18","PPW1501","D3",-2273747.67730054,2049486.11859621,418,292,2,60,32,1
"19","PPW1501","D4",-2273742.0136003,2049505.5107799,351,215,2,174,125,2
"20","PPW1501","D5",-2273736.34990001,2049524.90296282,351,215,2,174,125,2
"21","PPW1501","E1",-2273739.98483023,2049441.77663893,356,220,2,81,47,1
"22","PPW1501","E2",-2273734.32112949,2049461.1688237,356,220,2,81,47,1
"23","PPW1501","E3",-2273728.65742868,2049480.56100771,413,263,2,119,72,2
"24","PPW1501","E4",-2273722.99372783,2049499.95319094,351,215,2,119,72,2
"25","PPW1501","E5",-2273717.33002693,2049519.3453734,351,215,2,174,125,2
"26","PPW1507","A1",-2274082.81624331,2049872.39065052,350,241,2,151,96,2
"27","PPW1507","A2",-2274077.15255563,2049891.78283348,261,184,2,115,73,2
"28","PPW1507","A3",-2274071.48886791,2049911.17501566,227,162,2,113,79,2
"29","PPW1507","A4",-2274065.82518015,2049930.56719708,219,148,2,113,79,2
"30","PPW1507","A5",-2274060.16149234,2049949.95937773,154,76,2,113,79,2
"31","PPW1507","B1",-2274063.79634197,2049866.83310874,322,246,2,125,87,2
"32","PPW1507","B2",-2274058.13265368,2049886.22529125,227,162,2,125,87,2
"33","PPW1507","B3",-2274052.46896535,2049905.61747299,227,162,2,113,79,2
"34","PPW1507","B4",-2274046.80527697,2049925.00965395,219,148,2,113,79,2
"35","PPW1507","B5",-2274041.14158855,2049944.40183415,137,74,2,191,133,2
"36","PPW1507","C1",-2274044.7764416,2049861.27556452,288,219,2,125,87,2
"37","PPW1507","C2",-2274039.1127527,2049880.66774658,288,219,2,88,55,1
"38","PPW1507","C3",-2274033.44906376,2049900.05992787,274,206,2,91,61,2
"39","PPW1507","C4",-2274027.78537477,2049919.45210838,137,74,2,91,61,2
"40","PPW1507","C5",-2274022.12168573,2049938.84428812,137,74,2,191,133,2
"41","PPW1507","D1",-2274025.7565422,2049855.71801786,288,219,2,94,63,2
"42","PPW1507","D2",-2274020.09285269,2049875.11019947,288,219,2,88,55,1
"43","PPW1507","D3",-2274014.42916314,2049894.50238031,146,88,2,91,61,2
"44","PPW1507","D4",-2274008.76547354,2049913.89456036,146,88,2,47,24,1
"45","PPW1507","D5",-2274003.10178389,2049933.28673966,39,-1,1,289,202,2
"46","PPW1507","E1",-2274006.73664378,2049850.16046876,159,110,2,97,65,2
"47","PPW1507","E2",-2274001.07295366,2049869.55264992,137,88,2,8,-8,1
"48","PPW1507","E3",-2273995.40926349,2049888.9448303,146,88,2,8,-8,1
"49","PPW1507","E4",-2273989.74557328,2049908.33700991,146,88,2,47,24,1
"50","PPW1507","E5",-2273984.08188302,2049927.72918875,-325,-101,1,289,202,2
"51","PPW1509","A1",-2276231.27953788,2053316.23045984,28,0,0,109,74,2
"52","PPW1509","A2",-2276225.61594266,2053335.62260567,-26,-38,0,109,74,2
"53","PPW1509","A3",-2276219.95234742,2053355.01475072,-26,-38,0,83,54,1
"54","PPW1509","A4",-2276214.28875218,2053374.40689498,-60,-58,0,-8,-22,1
"55","PPW1509","A5",-2276208.62515693,2053393.79903846,-60,-58,0,-8,-22,1
"56","PPW1509","B1",-2276212.25940548,2053310.67323486,28,0,0,109,74,2
"57","PPW1509","B2",-2276206.5958096,2053330.06538027,28,0,0,109,74,2
"58","PPW1509","B3",-2276200.93221373,2053349.45752489,49,17,0,34,13,1
"59","PPW1509","B4",-2276195.26861784,2053368.84966872,-1,-21,0,34,13,1
"60","PPW1509","B5",-2276189.60502194,2053388.24181176,-1,-21,0,48,24,1
"61","PPW1509","C1",-2276193.23927402,2053305.11600742,39,10,0,146,109,2
"62","PPW1509","C2",-2276187.57567751,2053324.5081524,39,10,0,78,51,1
"63","PPW1509","C3",-2276181.91208098,2053343.90029658,49,17,0,34,13,1
"64","PPW1509","C4",-2276176.24848444,2053363.29243999,49,17,0,34,13,1
"65","PPW1509","C5",-2276170.5848879,2053382.6845826,81,40,1,31,10,1
"66","PPW1509","D1",-2276174.21914352,2053299.55877749,56,24,0,146,109,2
"67","PPW1509","D2",-2276168.55554636,2053318.95092204,9,-13,0,77,49,1
"68","PPW1509","D3",-2276162.89194919,2053338.34306581,46,15,0,77,49,1
"69","PPW1509","D4",-2276157.22835201,2053357.73520878,46,15,0,-29,-39,1
"70","PPW1509","D5",-2276151.56475482,2053377.12735096,81,40,1,31,10,1
"71","PPW1509","E1",-2276155.19901397,2053294.00154509,56,24,0,144,106,2
"72","PPW1509","E2",-2276149.53541616,2053313.39368921,9,-13,0,77,49,1
"73","PPW1509","E3",-2276143.87181835,2053332.78583254,59,24,1,77,49,1
"74","PPW1509","E4",-2276138.20822052,2053352.17797509,45,12,1,-18,-29,1
"75","PPW1509","E5",-2276132.54462268,2053371.57011684,127,78,2,-53,-57,1
"76","PPW1510","A1",-2276219.82703108,2053528.61511875,34,0,1,93,54,1
"77","PPW1510","A2",-2276214.16343736,2053548.00725754,128,63,1,93,54,1
"78","PPW1510","A3",-2276208.49984364,2053567.39939554,128,63,1,93,54,1
"79","PPW1510","A4",-2276202.8362499,2053586.79153276,154,89,2,58,31,1
"80","PPW1510","A5",-2276197.17265615,2053606.18366919,110,58,1,58,31,1
"81","PPW1510","B1",-2276200.80688972,2053523.05789544,106,47,1,65,34,1
"82","PPW1510","B2",-2276195.14329535,2053542.45003382,106,47,1,65,34,1
"83","PPW1510","B3",-2276189.47970097,2053561.84217139,201,113,2,44,20,1
"84","PPW1510","B4",-2276183.81610659,2053581.23430818,154,89,2,58,31,1
"85","PPW1510","B5",-2276178.1525122,2053600.62644417,154,89,2,58,31,1
"86","PPW1510","C1",-2276181.78674931,2053517.50066967,106,47,1,35,9,1
"87","PPW1510","C2",-2276176.12315429,2053536.89280761,106,47,1,65,34,1
"88","PPW1510","C3",-2276170.45955926,2053556.28494476,216,131,2,43,20,1
"89","PPW1510","C4",-2276164.79596423,2053575.67708111,146,83,2,43,20,1
"90","PPW1510","C5",-2276159.13236919,2053595.06921668,146,83,2,15,-3,1
"91","PPW1510","D1",-2276162.76660984,2053511.94344141,154,97,2,11,-6,1
"92","PPW1510","D2",-2276157.10301418,2053531.33557892,176,110,2,35,13,1
"93","PPW1510","D3",-2276151.43941851,2053550.72771565,216,131,2,43,20,1
"94","PPW1510","D4",-2276145.77582283,2053570.11985157,216,131,2,43,20,1
"95","PPW1510","D5",-2276140.11222714,2053589.51198671,102,57,1,15,-3,1
"96","PPW1510","E1",-2276143.74647133,2053506.38621068,149,103,2,11,-6,1
"97","PPW1510","E2",-2276138.08287502,2053525.77834776,100,59,1,12,-5,1
"98","PPW1510","E3",-2276132.4192787,2053545.17048406,115,66,1,12,-5,1
"99","PPW1510","E4",-2276126.75568237,2053564.56261955,115,66,1,28,8,1
"100","PPW1510","E5",-2276121.09208604,2053583.95475426,102,57,1,15,-3,1
"101","PPW1512","A1",-2276682.61426641,2052922.97841119,43,15,0,236,178,2
"102","PPW1512","A2",-2276676.95068186,2052942.37058358,43,15,0,236,178,2
"103","PPW1512","A3",-2276671.28709731,2052961.76275517,-28,-43,0,286,225,2
"104","PPW1512","A4",-2276665.62351275,2052981.15492599,0,-20,0,256,195,2
"105","PPW1512","A5",-2276659.95992818,2053000.54709603,0,-20,0,256,195,2
"106","PPW1512","B1",-2276663.59413459,2052917.42123718,43,15,0,337,243,2
"107","PPW1512","B2",-2276657.9305494,2052936.81340913,43,15,0,236,178,2
"108","PPW1512","B3",-2276652.2669642,2052956.20558031,34,9,0,161,122,2
"109","PPW1512","B4",-2276646.603379,2052975.5977507,26,0,0,161,122,2
"110","PPW1512","B5",-2276640.93979379,2052994.98992031,26,0,0,104,70,2
"111","PPW1512","C1",-2276644.57400371,2052911.86406068,54,23,0,378,298,2
"112","PPW1512","C2",-2276638.91041788,2052931.25623222,47,20,0,281,225,2
"113","PPW1512","C3",-2276633.24683204,2052950.64840297,34,9,0,161,122,2
"114","PPW1512","C4",-2276627.5832462,2052970.04057294,34,9,0,161,122,2
"115","PPW1512","C5",-2276621.91966034,2052989.43274212,41,12,0,75,44,1
"116","PPW1512","D1",-2276625.55387378,2052906.30688172,54,23,0,378,298,2
"117","PPW1512","D2",-2276619.89028731,2052925.69905283,37,11,0,183,138,2
"118","PPW1512","D3",-2276614.22670083,2052945.09122316,48,22,0,183,138,2
"119","PPW1512","D4",-2276608.56311434,2052964.4833927,48,22,0,133,96,2
"120","PPW1512","D5",-2276602.89952785,2052983.87556146,41,12,0,75,44,1
"121","PPW1512","E1",-2276606.5337448,2052900.74970029,45,17,0,286,221,2
"122","PPW1512","E2",-2276600.87015769,2052920.14187097,37,11,0,183,138,2
"123","PPW1512","E3",-2276595.20657057,2052939.53404087,37,11,0,183,138,2
"124","PPW1512","E4",-2276589.54298344,2052958.92620999,55,17,0,-16,-28,1
"125","PPW1512","E5",-2276583.8793963,2052978.31837833,-138,-91,0,-16,-28,1
"126","PPW1515","A1",-2274927.30380262,2051066.26104334,96,54,1,63,37,1
"127","PPW1515","A2",-2274921.64014889,2051085.6532173,104,61,1,63,37,1
"128","PPW1515","A3",-2274915.97649512,2051105.04539048,104,61,1,63,37,1
"129","PPW1515","A4",-2274910.31284133,2051124.43756288,103,60,1,36,14,1
"130","PPW1515","A5",-2274904.64918751,2051143.8297345,103,60,1,36,14,1
"131","PPW1515","B1",-2274908.28381754,2051060.70362292,148,95,2,56,32,1
"132","PPW1515","B2",-2274902.62016319,2051080.09579643,148,95,2,56,32,1
"133","PPW1515","B3",-2274896.9565088,2051099.48796917,130,84,2,30,10,1
"134","PPW1515","B4",-2274891.29285439,2051118.88014113,103,60,1,30,10,1
"135","PPW1515","B5",-2274885.62919994,2051138.27231231,103,60,1,36,14,1
"136","PPW1515","C1",-2274889.26383343,2051055.14620005,148,95,2,51,27,1
"137","PPW1515","C2",-2274883.60017846,2051074.53837311,117,73,2,56,32,1
"138","PPW1515","C3",-2274877.93652345,2051093.93054541,122,77,2,32,12,1
"139","PPW1515","C4",-2274872.27286841,2051113.32271693,122,77,2,32,12,1
"140","PPW1515","C5",-2274866.60921334,2051132.71488767,114,69,1,21,2,1
"141","PPW1515","D1",-2274870.24385029,2051049.58877472,114,66,1,69,42,1
"142","PPW1515","D2",-2274864.58019469,2051068.98094735,117,73,2,35,14,1
"143","PPW1515","D3",-2274858.91653906,2051088.3731192,122,77,2,35,14,1
"144","PPW1515","D4",-2274853.2528834,2051107.76529027,139,92,2,32,12,1
"145","PPW1515","D5",-2274847.5892277,2051127.15746057,142,96,2,-2,-17,1
"146","PPW1515","E1",-2274851.22386811,2051044.03134694,91,50,1,52,27,1
"147","PPW1515","E2",-2274845.56021189,2051063.42351912,116,74,2,32,12,1
"148","PPW1515","E3",-2274839.89655564,2051082.81569053,116,74,2,32,12,1
"149","PPW1515","E4",-2274834.23289935,2051102.20786116,139,92,2,45,22,1
"150","PPW1515","E5",-2274828.56924303,2051121.60003101,142,96,2,-2,-17,1
"151","PPW1521","A1",-2275480.31710153,2049151.55208672,183,122,2,17,-1,1
"152","PPW1521","A2",-2275474.653451,2049170.94433615,138,92,2,23,4,1
"153","PPW1521","A3",-2275468.98980044,2049190.33658484,138,92,2,23,4,1
"154","PPW1521","A4",-2275463.32614983,2049209.72883276,122,80,2,38,17,1
"155","PPW1521","A5",-2275457.6624992,2049229.12107992,116,73,2,38,17,1
"156","PPW1521","B1",-2275461.29717727,2049145.9947089,183,122,2,17,-1,1
"157","PPW1521","B2",-2275455.63352614,2049165.3869579,138,92,2,17,-1,1
"158","PPW1521","B3",-2275449.96987497,2049184.77920615,100,63,1,18,0,1
"159","PPW1521","B4",-2275444.30622376,2049204.17145363,110,72,2,34,14,1
"160","PPW1521","B5",-2275438.64257252,2049223.56370036,110,72,2,34,14,1
"161","PPW1521","C1",-2275442.27725397,2049140.43732866,129,83,2,48,25,1
"162","PPW1521","C2",-2275436.61360224,2049159.82957722,129,83,2,48,25,1
"163","PPW1521","C3",-2275430.94995046,2049179.22182502,100,63,1,18,0,1
"164","PPW1521","C4",-2275425.28629865,2049198.61407207,110,72,2,18,0,1
"165","PPW1521","C5",-2275419.6226468,2049218.00631836,62,27,1,15,-3,1
"166","PPW1521","D1",-2275423.25733163,2049134.87994597,103,63,1,18,0,1
"167","PPW1521","D2",-2275417.59367929,2049154.2721941,96,58,1,15,-2,1
"168","PPW1521","D3",-2275411.93002691,2049173.66444147,67,33,1,40,18,1
"169","PPW1521","D4",-2275406.2663745,2049193.05668808,67,33,1,40,18,1
"170","PPW1521","D5",-2275400.60272204,2049212.44893394,62,27,1,15,-3,1
"171","PPW1521","E1",-2275404.23741025,2049129.32256085,103,63,1,-1,-16,1
"172","PPW1521","E2",-2275398.57375731,2049148.71480855,96,58,1,15,-2,1
"173","PPW1521","E3",-2275392.91010432,2049168.10705547,47,14,1,66,41,1
"174","PPW1521","E4",-2275387.2464513,2049187.49930165,47,14,1,30,10,1
"175","PPW1521","E5",-2275381.58279824,2049206.89154707,24,-4,1,-53,-54,1
"176","PPW1522","A1",-2275160.41469524,2049017.0384918,39,9,1,20,2,1
"177","PPW1522","A2",-2275154.75103429,2049036.43073509,110,68,1,0,-15,1
"178","PPW1522","A3",-2275149.0873733,2049055.82297762,110,67,1,54,30,1
"179","PPW1522","A4",-2275143.42371226,2049075.21521939,118,71,2,54,30,1
"180","PPW1522","A5",-2275137.76005119,2049094.60746041,118,71,2,83,52,1
"181","PPW1522","B1",-2275141.39478887,2049011.4810725,103,62,1,41,19,1
"182","PPW1522","B2",-2275135.73112732,2049030.87331535,110,68,1,28,8,1
"183","PPW1522","B3",-2275130.06746572,2049050.26555744,110,67,1,54,30,1
"184","PPW1522","B4",-2275124.40380408,2049069.65779877,64,23,1,54,30,1
"185","PPW1522","B5",-2275118.7401424,2049089.05003935,96,46,1,46,19,1
"186","PPW1522","C1",-2275122.37488345,2049005.92365077,106,59,1,38,17,1
"187","PPW1522","C2",-2275116.7112213,2049025.31589318,51,15,1,33,12,1
"188","PPW1522","C3",-2275111.0475591,2049044.70813483,51,15,1,33,12,1
"189","PPW1522","C4",-2275105.38389686,2049064.10037572,64,23,1,-14,-26,1
"190","PPW1522","C5",-2275099.72023458,2049083.49261585,96,46,1,46,19,1
"191","PPW1522","D1",-2275103.354979,2049000.36622661,106,59,1,38,17,1
"192","PPW1522","D2",-2275097.69131624,2049019.75846857,51,15,1,38,17,1
"193","PPW1522","D3",-2275092.02765344,2049039.15070978,-191,-106,1,-101,-79,1
"194","PPW1522","D4",-2275086.3639906,2049058.54295024,-148,-92,1,-101,-79,1
"195","PPW1522","D5",-2275080.70032771,2049077.93518993,-46,-47,1,-101,-79,1
"196","PPW1522","E1",-2275084.33507551,2048994.80880001,16,-9,1,-218,-175,5
"197","PPW1522","E2",-2275078.67141215,2049014.20104154,16,-9,1,-218,-175,5
"198","PPW1522","E3",-2275073.00774874,2049033.59328231,-191,-106,1,-101,-79,1
"199","PPW1522","E4",-2275067.3440853,2049052.98552231,-148,-92,1,-101,-79,1
"200","PPW1522","E5",-2275061.68042181,2049072.37776157,-92,-68,1,34,8,1
"201","PPW1524","A1",-2275689.21814899,2051747.70590863,74,39,1,-9,-23,1
"202","PPW1524","A2",-2275683.55452385,2051767.09808603,74,39,1,28,9,1
"203","PPW1524","A3",-2275677.89089869,2051786.49026266,70,35,1,38,17,1
"204","PPW1524","A4",-2275672.22727351,2051805.88243851,98,57,1,38,17,1
"205","PPW1524","A5",-2275666.56364831,2051825.27461359,98,57,1,41,19,1
"206","PPW1524","B1",-2275670.19810555,2051742.148593,82,47,1,-9,-23,1
"207","PPW1524","B2",-2275664.53447978,2051761.54076997,80,44,1,28,9,1
"208","PPW1524","B3",-2275658.87085399,2051780.93294617,99,60,1,18,0,1
"209","PPW1524","B4",-2275653.20722818,2051800.32512159,99,60,1,18,0,1
"210","PPW1524","B5",-2275647.54360235,2051819.71729622,100,54,1,5,-11,1
"211","PPW1524","C1",-2275651.17806307,2051736.59127492,103,62,1,77,49,1
"212","PPW1524","C2",-2275645.51443667,2051755.98345145,80,44,1,69,43,1
"213","PPW1524","C3",-2275639.85081025,2051775.37562721,99,60,1,69,43,1
"214","PPW1524","C4",-2275634.18718381,2051794.7678022,84,41,1,18,0,1
"215","PPW1524","C5",-2275628.52355734,2051814.1599764,71,26,1,-106,-90,1
"216","PPW1524","D1",-2275632.15802154,2051731.03395436,129,74,2,12,-5,1
"217","PPW1524","D2",-2275626.49439451,2051750.42613047,139,82,2,-10,-23,1
"218","PPW1524","D3",-2275620.83076746,2051769.8183058,139,82,2,-10,-23,1
"219","PPW1524","D4",-2275615.16714039,2051789.21048035,84,41,1,-76,-72,1
"220","PPW1524","D5",-2275609.5035133,2051808.60265411,71,26,1,-76,-72,1
"221","PPW1524","E1",-2275613.13798097,2051725.47663136,129,74,2,12,-5,1
"222","PPW1524","E2",-2275607.47435331,2051744.86880703,129,74,2,12,-5,1
"223","PPW1524","E3",-2275601.81072563,2051764.26098192,-124,-76,1,-301,-214,5
"224","PPW1524","E4",-2275596.14709793,2051783.65315604,-57,-48,1,-330,-220,5
"225","PPW1524","E5",-2275590.48347021,2051803.04532937,-57,-48,1,-330,-220,5
"226","PPW1525","A1",-2273493.596987,2049850.70858734,118,56,1,7,-9,0
"227","PPW1525","A2",-2273487.93328135,2049870.10075169,71,33,1,22,3,0
"228","PPW1525","A3",-2273482.26957566,2049889.49291526,110,60,1,22,3,0
"229","PPW1525","A4",-2273476.60586991,2049908.88507807,110,60,1,42,20,0
"230","PPW1525","A5",-2273470.94216411,2049928.2772401,106,52,1,9,-8,0
"231","PPW1525","B1",-2273474.57710942,2049845.1509719,222,126,2,7,-9,0
"232","PPW1525","B2",-2273468.91340316,2049864.54313579,90,43,1,26,6,0
"233","PPW1525","B3",-2273463.24969686,2049883.9352989,90,43,1,26,6,0
"234","PPW1525","B4",-2273457.5859905,2049903.32746125,106,54,1,-10,-23,0
"235","PPW1525","B5",-2273451.92228409,2049922.71962282,106,52,1,9,-8,0
"236","PPW1525","C1",-2273455.55723282,2049839.59335401,222,126,2,68,36,0
"237","PPW1525","C2",-2273449.89352596,2049858.98551744,90,43,1,68,36,0
"238","PPW1525","C3",-2273444.22981904,2049878.3776801,139,76,2,26,6,0
"239","PPW1525","C4",-2273438.56611207,2049897.76984199,75,32,1,22,3,0
"240","PPW1525","C5",-2273432.90240505,2049917.16200311,116,62,1,22,3,0
"241","PPW1525","D1",-2273436.5373572,2049834.03573368,398,245,2,132,78,0
"242","PPW1525","D2",-2273430.87364972,2049853.42789666,398,245,2,132,78,0
"243","PPW1525","D3",-2273425.20994219,2049872.82005886,139,76,2,47,20,0
"244","PPW1525","D4",-2273419.54623461,2049892.21222029,75,32,1,22,3,0
"245","PPW1525","D5",-2273413.88252698,2049911.60438095,35,4,1,22,3,0
"246","PPW1525","E1",-2273417.51748256,2049828.47811091,398,245,2,93,50,0
"247","PPW1525","E2",-2273411.85377447,2049847.87027343,478,328,3,161,99,0
"248","PPW1525","E3",-2273406.19006633,2049867.26243518,279,170,2,55,26,0
"249","PPW1525","E4",-2273400.52635814,2049886.65459615,35,4,1,55,26,0
"250","PPW1525","E5",-2273394.8626499,2049906.04675635,35,4,1,-8,-22,0
"251","PPW1532","A1",-2274789.56437958,2050725.04246084,152,97,2,61,36,1
"252","PPW1532","A2",-2274783.90071918,2050744.43464079,152,97,2,61,36,1
"253","PPW1532","A3",-2274778.23705874,2050763.82681996,116,71,2,34,14,1
"254","PPW1532","A4",-2274772.57339827,2050783.21899836,116,71,2,34,14,1
"255","PPW1532","A5",-2274766.90973776,2050802.61117599,81,48,1,5,-10,1
"256","PPW1532","B1",-2274770.54441449,2050719.48501856,176,121,2,61,36,1
"257","PPW1532","B2",-2274764.88075347,2050738.87719806,110,68,1,61,36,1
"258","PPW1532","B3",-2274759.21709241,2050758.26937679,127,86,2,30,11,1
"259","PPW1532","B4",-2274753.55343131,2050777.66155475,127,86,2,25,6,1
"260","PPW1532","B5",-2274747.88977019,2050797.05373193,81,49,1,27,8,1
"261","PPW1532","C1",-2274751.52445036,2050713.92757382,120,76,2,42,21,1
"262","PPW1532","C2",-2274745.86078872,2050733.31975288,110,68,1,30,11,1
"263","PPW1532","C3",-2274740.19712704,2050752.71193117,110,68,1,30,11,1
"264","PPW1532","C4",-2274734.53346533,2050772.10410868,143,99,2,25,6,1
"265","PPW1532","C5",-2274728.86980358,2050791.49628542,160,111,2,1,-14,1
"266","PPW1532","D1",-2274732.5044872,2050708.37012665,100,64,1,42,21,1
"267","PPW1532","D2",-2274726.84082494,2050727.76230526,82,49,1,42,21,1
"268","PPW1532","D3",-2274721.17716264,2050747.15448311,82,49,1,24,6,1
"269","PPW1532","D4",-2274715.51350031,2050766.54666017,143,99,2,54,31,1
"270","PPW1532","D5",-2274709.84983794,2050785.93883647,160,111,2,54,31,1
"271","PPW1532","E1",-2274713.48452501,2050702.81267702,100,64,1,42,21,1
"272","PPW1532","E2",-2274707.82086213,2050722.20485519,100,64,1,42,21,1
"273","PPW1532","E3",-2274702.15719921,2050741.59703259,123,83,2,0,-15,1
"274","PPW1532","E4",-2274696.49353626,2050760.98920921,173,118,2,25,6,1
"275","PPW1532","E5",-2274690.82987327,2050780.38138506,173,118,2,25,6,1
"276","PPW1535","A1",-2274728.49695251,2050464.1057233,35,6,1,-303,-212,5
"277","PPW1535","A2",-2274722.83328841,2050483.49790922,35,6,1,-303,-212,5
"278","PPW1535","A3",-2274717.16962426,2050502.89009438,103,66,1,-70,-70,1
"279","PPW1535","A4",-2274711.50596008,2050522.28227876,109,71,2,29,10,1
"280","PPW1535","A5",-2274705.84229587,2050541.67446237,109,71,2,29,10,1
"281","PPW1535","B1",-2274709.47700098,2050458.54826987,35,6,1,-57,-61,1
"282","PPW1535","B2",-2274703.81333626,2050477.94045534,98,62,1,-303,-212,5
"283","PPW1535","B3",-2274698.1496715,2050497.33264005,94,57,1,-2,-17,1
"284","PPW1535","B4",-2274692.4860067,2050516.72482399,122,81,2,-2,-17,1
"285","PPW1535","B5",-2274686.82234187,2050536.11700715,122,81,2,11,-5,1
"286","PPW1535","C1",-2274690.45705042,2050452.99081398,88,48,1,-4,-19,1
"287","PPW1535","C2",-2274684.79338508,2050472.38299902,98,62,1,4,-11,1
"288","PPW1535","C3",-2274679.1297197,2050491.77518328,94,57,1,-2,-17,1
"289","PPW1535","C4",-2274673.46605429,2050511.16736677,88,52,1,-2,-17,1
"290","PPW1535","C5",-2274667.80238884,2050530.55954949,109,71,2,17,0,1
"291","PPW1535","D1",-2274671.43710083,2050447.43335565,78,45,1,31,12,1
"292","PPW1535","D2",-2274665.77343487,2050466.82554024,76,43,1,24,6,1
"293","PPW1535","D3",-2274660.10976887,2050486.21772406,88,52,1,24,6,1
"294","PPW1535","D4",-2274654.44610284,2050505.60990711,88,52,1,8,-8,1
"295","PPW1535","D5",-2274648.78243678,2050525.00208938,109,71,2,17,0,1
"296","PPW1535","E1",-2274652.4171522,2050441.87589487,78,45,1,31,12,1
"297","PPW1535","E2",-2274646.75348562,2050461.26807902,76,43,1,24,6,1
"298","PPW1535","E3",-2274641.08981901,2050480.66026239,79,46,1,17,0,1
"299","PPW1535","E4",-2274635.42615236,2050500.052445,105,67,1,28,9,1
"300","PPW1535","E5",-2274629.76248568,2050519.44462682,84,52,1,28,9,1
"301","PPW1538","A1",-2275249.84246159,2049202.07392986,89,55,1,114,81,2
"302","PPW1538","A2",-2275244.17880453,2049221.46617048,102,66,1,114,81,2
"303","PPW1538","A3",-2275238.51514744,2049240.85841034,79,47,1,63,38,1
"304","PPW1538","A4",-2275232.8514903,2049260.25064944,96,63,1,50,27,1
"305","PPW1538","A5",-2275227.18783313,2049279.64288779,96,63,1,50,27,1
"306","PPW1538","B1",-2275230.82254397,2049196.51652416,102,66,1,121,89,2
"307","PPW1538","B2",-2275225.15888631,2049215.90876434,102,66,1,103,72,2
"308","PPW1538","B3",-2275219.49522861,2049235.30100376,79,47,1,63,38,1
"309","PPW1538","B4",-2275213.83157087,2049254.69324242,87,54,1,63,38,1
"310","PPW1538","B5",-2275208.1679131,2049274.08548033,58,30,1,54,31,1
"311","PPW1538","C1",-2275211.80262732,2049190.95911602,74,43,1,101,71,2
"312","PPW1538","C2",-2275206.13896906,2049210.35135577,98,63,1,124,91,2
"313","PPW1538","C3",-2275200.47531075,2049229.74359474,87,54,1,124,91,2
"314","PPW1538","C4",-2275194.81165241,2049249.13583297,87,54,1,63,38,1
"315","PPW1538","C5",-2275189.14799402,2049268.52807044,58,30,1,54,31,1
"316","PPW1538","D1",-2275192.78271163,2049185.40170545,74,43,1,101,71,2
"317","PPW1538","D2",-2275187.11905276,2049204.79394475,98,63,1,124,91,2
"318","PPW1538","D3",-2275181.45539385,2049224.18618329,119,76,2,130,92,2
"319","PPW1538","D4",-2275175.7917349,2049243.57842108,90,56,1,99,69,2
"320","PPW1538","D5",-2275170.12807591,2049262.9706581,76,43,1,64,39,1
"321","PPW1538","E1",-2275173.7627969,2049179.84429244,120,76,2,135,99,2
"322","PPW1538","E2",-2275168.09913743,2049199.2365313,119,76,2,135,99,2
"323","PPW1538","E3",-2275162.43547791,2049218.62876941,119,76,2,130,92,2
"324","PPW1538","E4",-2275156.77181836,2049238.02100675,90,56,1,99,69,2
"325","PPW1538","E5",-2275151.10815876,2049257.41324334,117,71,2,39,17,1
"326","PPW1539","A1",-2275245.81067124,2049371.37734886,84,52,1,80,53,1
"327","PPW1539","A2",-2275240.1470152,2049390.76958429,88,53,1,83,54,1
"328","PPW1539","A3",-2275234.48335913,2049410.16181896,88,50,1,83,54,1
"329","PPW1539","A4",-2275228.81970302,2049429.55405288,88,50,1,83,54,1
"330","PPW1539","A5",-2275223.15604686,2049448.94628604,70,30,1,73,43,1
"331","PPW1539","B1",-2275226.7907466,2049365.81994495,86,51,1,73,47,1
"332","PPW1539","B2",-2275221.12708996,2049385.21217995,88,53,1,83,54,1
"333","PPW1539","B3",-2275215.46343328,2049404.60441419,88,53,1,83,54,1
"334","PPW1539","B4",-2275209.79977657,2049423.99664766,114,65,1,122,81,2
"335","PPW1539","B5",-2275204.13611981,2049443.38888038,101,55,1,73,41,1
"336","PPW1539","C1",-2275207.77082294,2049360.26253861,94,53,1,48,24,1
"337","PPW1539","C2",-2275202.10716569,2049379.65477317,86,47,1,48,24,1
"338","PPW1539","C3",-2275196.4435084,2049399.04700697,86,47,1,67,40,1
"339","PPW1539","C4",-2275190.77985107,2049418.43924001,114,65,1,122,81,2
"340","PPW1539","C5",-2275185.11619371,2049437.83147228,101,55,1,122,81,2
"341","PPW1539","D1",-2275188.75090023,2049354.70512984,94,53,1,48,24,1
"342","PPW1539","D2",-2275183.08724237,2049374.09736396,153,91,2,48,24,1
"343","PPW1539","D3",-2275177.42358448,2049393.48959732,149,80,2,130,84,2
"344","PPW1539","D4",-2275171.75992655,2049412.88182991,124,65,1,91,54,1
"345","PPW1539","D5",-2275166.09626858,2049432.27406175,124,65,1,91,54,1
"346","PPW1539","E1",-2275169.73097848,2049349.14771863,153,91,2,86,52,1
"347","PPW1539","E2",-2275164.06732002,2049368.53995231,153,91,2,94,57,1
"348","PPW1539","E3",-2275158.40366152,2049387.93218523,149,80,2,130,84,2
"349","PPW1539","E4",-2275152.74000298,2049407.32441739,205,138,2,88,52,1
"350","PPW1539","E5",-2275147.07634441,2049426.71664878,205,138,2,65,37,1
"351","PPW1540","A1",-2273220.68995868,2048173.48684355,480,377,3,-48,-46,0
"352","PPW1540","A2",-2273215.02623502,2048192.87904919,392,298,2,125,72,0
"353","PPW1540","A3",-2273209.3625113,2048212.27125407,415,330,3,91,50,0
"354","PPW1540","A4",-2273203.69878752,2048231.6634582,511,423,3,91,50,0
"355","PPW1540","A5",-2273198.03506368,2048251.05566156,687,577,3,101,53,0
"356","PPW1540","B1",-2273201.67016301,2048167.92917299,468,385,3,-27,-34,0
"357","PPW1540","B2",-2273196.00643876,2048187.32137818,483,394,3,5,-11,0
"358","PPW1540","B3",-2273190.34271444,2048206.7135826,511,423,3,5,-11,0
"359","PPW1540","B4",-2273184.67899007,2048226.10578626,511,423,3,130,84,0
"360","PPW1540","B5",-2273179.01526563,2048245.49798916,687,577,3,101,53,0
"361","PPW1540","C1",-2273182.65036832,2048162.37150001,468,385,3,-27,-34,0
"362","PPW1540","C2",-2273176.98664348,2048181.76370474,483,394,3,5,-11,0
"363","PPW1540","C3",-2273171.32291856,2048201.1559087,595,494,3,-25,-31,0
"364","PPW1540","C4",-2273165.65919359,2048220.5481119,684,575,3,71,29,0
"365","PPW1540","C5",-2273159.99546856,2048239.94031435,882,748,4,71,29,0
"366","PPW1540","D1",-2273163.63057461,2048156.81382461,382,307,2,22,1,0
"367","PPW1540","D2",-2273157.96684917,2048176.20602887,595,494,3,22,1,0
"368","PPW1540","D3",-2273152.30312367,2048195.59823238,595,494,3,-25,-31,0
"369","PPW1540","D4",-2273146.6393981,2048214.99043512,684,575,3,71,29,0
"370","PPW1540","D5",-2273140.97567247,2048234.38263711,740,635,4,101,43,0
"371","PPW1540","E1",-2273144.61078188,2048151.25614678,395,320,3,22,1,0
"372","PPW1540","E2",-2273138.94705585,2048170.64835059,395,320,3,-15,-26,0
"373","PPW1540","E3",-2273133.28332975,2048190.04055363,620,522,3,23,0,0
"374","PPW1540","E4",-2273127.61960359,2048209.43275591,740,635,4,23,0,0
"375","PPW1540","E5",-2273121.95587737,2048228.82495743,740,635,4,101,43,0
"376","PPW1544","A1",-2276327.97384068,2052861.4553685,-72,-66,0,37,15,1
"377","PPW1544","A2",-2276322.31024454,2052880.84753163,-41,-46,0,89,52,1
"378","PPW1544","A3",-2276316.64664838,2052900.23969398,-51,-54,0,124,83,2
"379","PPW1544","A4",-2276310.98305222,2052919.63185554,-41,-47,0,124,83,2
"380","PPW1544","A5",-2276305.31945605,2052939.02401632,-41,-47,0,64,35,1
"381","PPW1544","B1",-2276308.95372471,2052855.89814903,-41,-46,0,63,35,1
"382","PPW1544","B2",-2276303.29012792,2052875.29031173,-41,-46,0,89,52,1
"383","PPW1544","B3",-2276297.62653113,2052894.68247365,-51,-54,0,124,83,2
"384","PPW1544","B4",-2276291.96293432,2052914.07463478,73,38,0,100,69,2
"385","PPW1544","B5",-2276286.29933751,2052933.46679513,-21,-35,0,52,27,1
"386","PPW1544","C1",-2276289.93360968,2052850.34092708,38,8,0,93,59,1
"387","PPW1544","C2",-2276284.27001226,2052869.73308935,27,0,0,111,73,2
"388","PPW1544","C3",-2276278.60641482,2052889.12525085,73,38,0,111,73,2
"389","PPW1544","C4",-2276272.94281737,2052908.51741155,73,38,0,100,69,2
"390","PPW1544","C5",-2276267.27921992,2052927.90957147,-21,-35,0,52,27,1
"391","PPW1544","D1",-2276270.91349561,2052844.78370266,38,8,0,93,59,1
"392","PPW1544","D2",-2276265.24989754,2052864.17586451,27,0,0,111,73,2
"393","PPW1544","D3",-2276259.58629946,2052883.56802557,26,-3,0,82,48,1
"394","PPW1544","D4",-2276253.92270137,2052902.96018585,33,2,0,156,109,2
"395","PPW1544","D5",-2276248.25910328,2052922.35234535,-41,-49,0,20,2,1
"396","PPW1544","E1",-2276251.89338248,2052839.22647577,12,-11,0,77,47,1
"397","PPW1544","E2",-2276246.22978378,2052858.61863719,26,-3,0,77,47,1
"398","PPW1544","E3",-2276240.56618506,2052878.01079783,26,-3,0,82,48,1
"399","PPW1544","E4",-2276234.90258633,2052897.40295767,11,-13,0,156,109,2
"400","PPW1544","E5",-2276229.23898759,2052916.79511674,-20,-34,0,31,10,1
"401","PPW1549","A1",-2273562.82528462,2049489.98446494,572,466,3,33,9,0
"402","PPW1549","A2",-2273557.16157883,2049509.37664246,504,395,3,54,25,0
"403","PPW1549","A3",-2273551.49787299,2049528.76881921,460,360,3,54,25,0
"404","PPW1549","A4",-2273545.8341671,2049548.16099519,460,360,3,28,7,0
"405","PPW1549","A5",-2273540.17046115,2049567.5531704,402,330,3,-11,-24,0
"406","PPW1549","B1",-2273543.80541978,2049484.42685349,572,466,3,33,9,0
"407","PPW1549","B2",-2273538.14171338,2049503.81903055,504,395,3,54,25,0
"408","PPW1549","B3",-2273532.47800693,2049523.21120685,547,443,3,27,6,0
"409","PPW1549","B4",-2273526.81430043,2049542.60338237,621,500,3,-10,-23,0
"410","PPW1549","B5",-2273521.15059388,2049561.99555712,521,417,3,-40,-44,0
"411","PPW1549","C1",-2273524.78555591,2049478.86923959,467,380,3,33,9,0
"412","PPW1549","C2",-2273519.12184891,2049498.2614162,547,443,3,33,9,0
"413","PPW1549","C3",-2273513.45814185,2049517.65359203,547,443,3,27,6,0
"414","PPW1549","C4",-2273507.79443474,2049537.04576711,621,500,3,-10,-23,0
"415","PPW1549","C5",-2273502.13072758,2049556.4379414,406,314,3,-39,-43,0
"416","PPW1549","D1",-2273505.76569302,2049473.31162326,467,380,3,33,9,0
"417","PPW1549","D2",-2273500.10198541,2049492.70379941,553,452,3,-9,-22,0
"418","PPW1549","D3",-2273494.43827775,2049512.0959748,621,506,3,-31,-37,0
"419","PPW1549","D4",-2273488.77457003,2049531.4881494,651,518,3,-39,-43,0
"420","PPW1549","D5",-2273483.11086226,2049550.88032325,651,518,3,-39,-43,0
"421","PPW1549","E1",-2273486.74583111,2049467.7540045,553,452,3,77,43,0
"422","PPW1549","E2",-2273481.08212289,2049487.14618019,553,452,3,-9,-22,0
"423","PPW1549","E3",-2273475.41841462,2049506.53835511,621,506,3,-31,-37,0
"424","PPW1549","E4",-2273469.7547063,2049525.93052927,494,386,3,-67,-63,0
"425","PPW1549","E5",-2273464.09099792,2049545.32270266,494,386,3,36,13,0
"426","PPW2152","A1",-2272954.87242358,2048514.652202,956,820,4,109,57,0
"427","PPW2152","A2",-2272949.20869389,2048534.04438875,956,820,4,109,57,0
"428","PPW2152","A3",-2272943.54496414,2048553.43657474,918,794,4,84,39,0
"429","PPW2152","A4",-2272937.88123433,2048572.82875997,709,564,3,51,22,0
"430","PPW2152","A5",-2272932.21750445,2048592.22094442,809,669,4,44,13,0
"431","PPW2152","B1",-2272935.85262396,2048509.09450274,956,820,4,158,96,0
"432","PPW2152","B2",-2272930.18889367,2048528.48668903,985,853,4,125,68,0
"433","PPW2152","B3",-2272924.52516332,2048547.87887456,961,844,4,133,74,0
"434","PPW2152","B4",-2272918.86143291,2048567.27105932,809,669,4,133,74,0
"435","PPW2152","B5",-2272913.19770244,2048586.66324332,809,669,4,44,13,0
"436","PPW2152","C1",-2272916.83282532,2048503.53680106,920,797,4,54,21,0
"437","PPW2152","C2",-2272911.16909444,2048522.92898688,985,853,4,125,68,0
"438","PPW2152","C3",-2272905.50536349,2048542.32117195,961,844,4,133,74,0
"439","PPW2152","C4",-2272899.84163248,2048561.71335625,917,811,4,-26,-32,0
"440","PPW2152","C5",-2272894.17790141,2048581.10553978,907,804,4,55,17,0
"441","PPW2152","D1",-2272897.81302766,2048497.97909695,848,706,4,40,11,0
"442","PPW2152","D2",-2272892.14929618,2048517.37128231,963,834,4,99,51,0
"443","PPW2152","D3",-2272886.48556464,2048536.76346691,917,811,4,99,51,0
"444","PPW2152","D4",-2272880.82183303,2048556.15565074,917,811,4,-26,-32,0
"445","PPW2152","D5",-2272875.15810136,2048575.54783381,907,804,4,55,17,0
"446","PPW2152","E1",-2272878.79323099,2048492.4213904,848,706,4,40,11,0
"447","PPW2152","E2",-2272873.12949891,2048511.81357531,893,750,4,99,51,0
"448","PPW2152","E3",-2272867.46576677,2048531.20575944,893,750,4,115,62,0
"449","PPW2152","E4",-2272861.80203457,2048550.59794282,871,761,4,-51,-49,0
"450","PPW2152","E5",-2272856.1383023,2048569.99012542,882,780,4,-51,-49,0
